"","Isolate.ID","Primary.ioslation.date","Date.Extracted.x","Date","Location","Current.Isolate.Status","Phytophthora.likely.x","Morphology","Species","Ready.to.Extract","Media","Backup.Location","Isolate.Number","Collection.Date.x","iNat.User.x","url.x","place_guess.x","latitude.x","longitude.x","scientific_name.x","common_name.x","plant.health.condition.x","plant.symptom.x","Dieback.percent.x","site.type.x","site.area.disturbance.level.x","site.hydrology.x","site.location.description.x","slope.position.x","percent.of.plants..of.same.species..affected.within.sight.....x","regeneration.present..x","soil.sample.number.x","Phytophthora.likely.y","Notes.x","Notes.Extra.x","Sample.Extraction.Number","Sample.Number..Soil.or.Tissue.","Secondary.Isolation.Number","Field.or.Greenhouse.Sample","Sample.Substrate","Project","Experiment","Priority","Date.Extracted","Extraction.Kit","Qubit..ng.ul.","Notes.y","PCR.Amplification.Date","Primer.Pair","Successful.Amplification.","Sequenced.","Sequence.Type","Sequence.Date","Tentative.Results..Internal.NCBI.Oomcycete.including.voucher.blast.","Comment","Genus","Oomycete","Top.BLAST.accession","Joey.July.2026.Sort","Phytophthora.Clade","Tentative.ID..old.ITS.Internal.Database.","Genbank.July.26","Abad.2023.Database","Tree.Result","August.Final.Result","Sample","Isolate Number","Collection.Date.y","iNat.User.y","url.y","place_guess.y","latitude.y","longitude.y","scientific_name.y","common_name.y","plant.health.condition.y","plant.symptom.y","Dieback.percent.y","site.type.y","site.area.disturbance.level.y","site.hydrology.y","site.location.description.y","slope.position.y","percent.of.plants..of.same.species..affected.within.sight.....y","regeneration.present..y","soil.sample.number.y","Phytophthora.likely","Notes","Notes.Extra.y"
"1","FZJ001-1 Soil","4/9/25","4/25/25","4/18/25","V8 Broth Racks & Soil Swordfern Isolates","final","","","Elongisporangium anandrum ","yes","V8B","","1 Soil","10/28/24","imontejano05","https://www.inaturalist.org/observations/249522107","Mercer Island, Mercer Island, WA, US",47.56543,-122.213,"Polystichum munitum","western sword fern","Poor","Browning fronds",60,"Suburban","Low - fairly natural, not much development","Upland or well drained","Urban yard or open park grounds","No selection",5,"No there are not any new plants","SF1","","","","FHL0093","FZJ001","1","Field","Soil","Sword Fern Mortalilty","Sword Fern Field Samples","","4/25/25","Prepman","5.39","","6/10/25","","y","Y",NA,"","Elongisporangium anandrum ","","Elongisporangium","Oomycete",NA,"Pythium",NA,"","","","","Pythium sp.","FZJ001","1 Soil","10/28/24","imontejano05","https://www.inaturalist.org/observations/249522107","Mercer Island, Mercer Island, WA, US",47.56543,-122.213,"Polystichum munitum","western sword fern","Poor","Browning fronds",60,"Suburban","Low - fairly natural, not much development","Upland or well drained","Urban yard or open park grounds","No selection",5,"No there are not any new plants","SF1","","",""
"2","FZJ001-2 Soil","","4/25/25","4/18/25","V8 Broth Racks & Soil Swordfern Isolates","final","Y","","Phytophthora syringae","yes","V8B",".","2 Soil","10/28/24","imontejano05","https://www.inaturalist.org/observations/249522107","Mercer Island, Mercer Island, WA, US",47.56543,-122.213,"Polystichum munitum","western sword fern","Poor","Browning fronds",60,"Suburban","Low - fairly natural, not much development","Upland or well drained","Urban yard or open park grounds","No selection",5,"No there are not any new plants","SF1","","","","FHL0094","FZJ001","2","Field","Soil","Sword Fern Mortalilty","Sword Fern Field Samples","","4/25/25","Prepman","0.774","","5/16/2025, 5/20/25","","y","Y",NA,"","Phytophthora syringae","","Phytophthora","Oomycete",NA,"Phytophthora",8,"Phytophthora syringae","","P. syringae","Phytophthora syringae","Phytophthora syringae","FZJ001","2 Soil","10/28/24","imontejano05","https://www.inaturalist.org/observations/249522107","Mercer Island, Mercer Island, WA, US",47.56543,-122.213,"Polystichum munitum","western sword fern","Poor","Browning fronds",60,"Suburban","Low - fairly natural, not much development","Upland or well drained","Urban yard or open park grounds","No selection",5,"No there are not any new plants","SF1","","",""
"3","FZJ001-3 Soil","4/11/25","4/25/25","4/18/25","V8 Broth Racks & Soil Swordfern Isolates","final","Y","","Phytophthora syringae","yes","V8B",".","3 Soil","10/28/24","imontejano05","https://www.inaturalist.org/observations/249522107","Mercer Island, Mercer Island, WA, US",47.56543,-122.213,"Polystichum munitum","western sword fern","Poor","Browning fronds",60,"Suburban","Low - fairly natural, not much development","Upland or well drained","Urban yard or open park grounds","No selection",5,"No there are not any new plants","SF1","","","","FHL0095","FZJ001","3","Field","Soil","Sword Fern Mortalilty","Sword Fern Field Samples","","4/25/25","Prepman","0.657","","5/16/2025, 5/20/25","","y","Y",NA,"","Phytophthora syringae","","Phytophthora","Oomycete",NA,"Phytophthora",8,"Phytophthora syringae","","P. syringae","Phytophthora syringae","Phytophthora syringae","FZJ001","3 Soil","10/28/24","imontejano05","https://www.inaturalist.org/observations/249522107","Mercer Island, Mercer Island, WA, US",47.56543,-122.213,"Polystichum munitum","western sword fern","Poor","Browning fronds",60,"Suburban","Low - fairly natural, not much development","Upland or well drained","Urban yard or open park grounds","No selection",5,"No there are not any new plants","SF1","","",""
"4","FZJ001-4 Soil","4/11/25","4/25/25","4/18/25","V8 Broth Racks & Soil Swordfern Isolates","final","","","Elongisporangium anandrum ","yes","V8B","","4 Soil","10/28/24","imontejano05","https://www.inaturalist.org/observations/249522107","Mercer Island, Mercer Island, WA, US",47.56543,-122.213,"Polystichum munitum","western sword fern","Poor","Browning fronds",60,"Suburban","Low - fairly natural, not much development","Upland or well drained","Urban yard or open park grounds","No selection",5,"No there are not any new plants","SF1","","","","FHL0096","FZJ001","4","Field","Soil","Sword Fern Mortalilty","Sword Fern Field Samples","","4/25/25","Prepman","11.1","","6/10/25","","y","Y",NA,"","Elongisporangium anandrum ","","Elongisporangium","Oomycete",NA,"Pythium",NA,"","","","","Pythium sp.","FZJ001","4 Soil","10/28/24","imontejano05","https://www.inaturalist.org/observations/249522107","Mercer Island, Mercer Island, WA, US",47.56543,-122.213,"Polystichum munitum","western sword fern","Poor","Browning fronds",60,"Suburban","Low - fairly natural, not much development","Upland or well drained","Urban yard or open park grounds","No selection",5,"No there are not any new plants","SF1","","",""
"5","FZJ002-1 Soil","4/10/25","4/25/25","4/18/25","V8 Broth Racks & Soil Swordfern Isolates","final","","Group 1","Pythium attrantheridium","yes","V8B","","1 Soil","10/28/24","imontejano05","https://www.inaturalist.org/observations/249522887","Mercer Island, Mercer Island, WA, US",47.5653,-122.213,"Polystichum munitum","western sword fern","Poor","Browning fronds",75,"Suburban","Low - fairly natural, not much development","Upland or well drained","Urban yard or open park grounds","Middle of a slope",15,"Not Sure","SF2","","","","FHL0097","FZJ002","1","Field","Soil","Sword Fern Mortalilty","Sword Fern Field Samples","","4/25/25","Prepman","6.92","","6/10/25","","y","Y",NA,"","Pythium attrantheridium","","Pythium","Oomycete",NA,"Pythium",NA,"","","","","Pythium sp.","FZJ002","1 Soil","10/28/24","imontejano05","https://www.inaturalist.org/observations/249522887","Mercer Island, Mercer Island, WA, US",47.5653,-122.213,"Polystichum munitum","western sword fern","Poor","Browning fronds",75,"Suburban","Low - fairly natural, not much development","Upland or well drained","Urban yard or open park grounds","Middle of a slope",15,"Not Sure","SF2","","",""
"6","FZJ002-2 Soil","","","4/18/25","V8 Broth Racks & Soil Swordfern Isolates","final","","Group 1","Pythium attrantheridium","yes","V8B","","2 Soil","10/28/24","imontejano05","https://www.inaturalist.org/observations/249522887","Mercer Island, Mercer Island, WA, US",47.5653,-122.213,"Polystichum munitum","western sword fern","Poor","Browning fronds",75,"Suburban","Low - fairly natural, not much development","Upland or well drained","Urban yard or open park grounds","Middle of a slope",15,"Not Sure","SF2","","","",NA,NA,NA,NA,NA,NA,NA,NA,NA,NA,NA,NA,NA,NA,NA,NA,NA,NA,NA,NA,NA,NA,NA,NA,NA,NA,NA,NA,NA,NA,"FZJ002","2 Soil","10/28/24","imontejano05","https://www.inaturalist.org/observations/249522887","Mercer Island, Mercer Island, WA, US",47.5653,-122.213,"Polystichum munitum","western sword fern","Poor","Browning fronds",75,"Suburban","Low - fairly natural, not much development","Upland or well drained","Urban yard or open park grounds","Middle of a slope",15,"Not Sure","SF2","","",""
"7","FZJ002-3 Soil","4/14/25","","","","","","","","","","","3 Soil","10/28/24","imontejano05","https://www.inaturalist.org/observations/249522887","Mercer Island, Mercer Island, WA, US",47.5653,-122.213,"Polystichum munitum","western sword fern","Poor","Browning fronds",75,"Suburban","Low - fairly natural, not much development","Upland or well drained","Urban yard or open park grounds","Middle of a slope",15,"Not Sure","SF2","","","",NA,NA,NA,NA,NA,NA,NA,NA,NA,NA,NA,NA,NA,NA,NA,NA,NA,NA,NA,NA,NA,NA,NA,NA,NA,NA,NA,NA,NA,NA,"FZJ002","3 Soil","10/28/24","imontejano05","https://www.inaturalist.org/observations/249522887","Mercer Island, Mercer Island, WA, US",47.5653,-122.213,"Polystichum munitum","western sword fern","Poor","Browning fronds",75,"Suburban","Low - fairly natural, not much development","Upland or well drained","Urban yard or open park grounds","Middle of a slope",15,"Not Sure","SF2","","",""
"8","FZJ003-1 Soil","","4/25/25","4/18/25","V8 Broth Racks & Soil Swordfern Isolates","final","","","Pythium attrantheridium","yes","V8B","","1 Soil","10/28/24","imontejano05","https://www.inaturalist.org/observations/249523063","Mercer Island, Mercer Island, WA, US",47.56523,-122.213,"Polystichum munitum","western sword fern","Good","Healthy",2,"Suburban","Low - fairly natural, not much development","Upland or well drained","Urban yard or open park grounds","Lower slope",3,"No there are not any new plants","SF3","","","","FHL0098","FZJ003","1","Field","Soil","Sword Fern Mortalilty","Sword Fern Field Samples","","4/25/25","Prepman","9.94","","6/10/25","","y","Y",NA,"","Pythium attrantheridium","","Pythium","Oomycete",NA,"Pythium",NA,"","","","","Pythium sp.","FZJ003","1 Soil","10/28/24","imontejano05","https://www.inaturalist.org/observations/249523063","Mercer Island, Mercer Island, WA, US",47.56523,-122.213,"Polystichum munitum","western sword fern","Good","Healthy",2,"Suburban","Low - fairly natural, not much development","Upland or well drained","Urban yard or open park grounds","Lower slope",3,"No there are not any new plants","SF3","","",""
"9","FZJ004-1 Soil","4/10/25","","4/18/25","V8 Broth Racks & Soil Swordfern Isolates","final","Y","Group 19","Phytophthora syringae","yes","V8B",".","1 Soil","10/28/24","imontejano05","https://www.inaturalist.org/observations/249523844","Mercer Island, Mercer Island, WA, US",47.56516,-122.213,"Polystichum munitum","western sword fern","Dead","Collapse of All Fronds",100,"Suburban","Low - fairly natural, not much development","Upland or well drained","Urban yard or open park grounds","Top of slope",5,"No Selection","SF4","Yes","","",NA,NA,NA,NA,NA,NA,NA,NA,NA,NA,NA,NA,NA,NA,NA,NA,NA,NA,NA,NA,NA,NA,NA,NA,NA,NA,NA,NA,NA,NA,"FZJ004","1 Soil","10/28/24","imontejano05","https://www.inaturalist.org/observations/249523844","Mercer Island, Mercer Island, WA, US",47.56516,-122.213,"Polystichum munitum","western sword fern","Dead","Collapse of All Fronds",100,"Suburban","Low - fairly natural, not much development","Upland or well drained","Urban yard or open park grounds","Top of slope",5,"No Selection","SF4","Yes","",""
"10","FZJ004-2 Soil","4/11/25","4/25/25","4/18/25","V8 Broth Racks & Soil Swordfern Isolates","final","","","Globisporangium intermedium","yes","V8B","","2 Soil","10/28/24","imontejano05","https://www.inaturalist.org/observations/249523844","Mercer Island, Mercer Island, WA, US",47.56516,-122.213,"Polystichum munitum","western sword fern","Dead","Collapse of All Fronds",100,"Suburban","Low - fairly natural, not much development","Upland or well drained","Urban yard or open park grounds","Top of slope",5,"No Selection","SF4","Yes","","","FHL0099","FZJ004","2","Field","Soil","Sword Fern Mortalilty","Sword Fern Field Samples","","4/25/25","Prepman","12.6","","6/10/25","","y","Y",NA,"","Globisporangium intermedium","","Globisporangium","Oomycete",NA,"Pythium",NA,"Globisporangium intermedium","","","","Pythium sp.","FZJ004","2 Soil","10/28/24","imontejano05","https://www.inaturalist.org/observations/249523844","Mercer Island, Mercer Island, WA, US",47.56516,-122.213,"Polystichum munitum","western sword fern","Dead","Collapse of All Fronds",100,"Suburban","Low - fairly natural, not much development","Upland or well drained","Urban yard or open park grounds","Top of slope",5,"No Selection","SF4","Yes","",""
"11","FZJ004-2 Soil","4/11/25","4/25/25","4/18/25","V8 Broth Racks & Soil Swordfern Isolates","final","","","Globisporangium intermedium","yes","V8B","","2 Soil","10/28/24","imontejano05","https://www.inaturalist.org/observations/249523844","Mercer Island, Mercer Island, WA, US",47.56516,-122.213,"Polystichum munitum","western sword fern","Dead","Collapse of All Fronds",100,"Suburban","Low - fairly natural, not much development","Upland or well drained","Urban yard or open park grounds","Top of slope",5,"No Selection","SF4","Yes","","","FHL0099","FZJ004","","Field","","Sword Fern Mortalilty","Sword Fern Field Samples","","3/4/26","Zymo Fungal/Bacterial","out of range","","","","","Y",NA,"","","","","Oomycete",NA,"Pythium",NA,"Globisporangium intermedium","","","","Pythium sp.","FZJ004","2 Soil","10/28/24","imontejano05","https://www.inaturalist.org/observations/249523844","Mercer Island, Mercer Island, WA, US",47.56516,-122.213,"Polystichum munitum","western sword fern","Dead","Collapse of All Fronds",100,"Suburban","Low - fairly natural, not much development","Upland or well drained","Urban yard or open park grounds","Top of slope",5,"No Selection","SF4","Yes","",""
"12","FZJ004-3 Soil","4/14/25","4/25/25","4/18/25","V8 Broth Racks & Soil Swordfern Isolates","final","Y","Group 19","Phytophthora syringae","yes","V8B",".","3 Soil","10/28/24","imontejano05","https://www.inaturalist.org/observations/249523844","Mercer Island, Mercer Island, WA, US",47.56516,-122.213,"Polystichum munitum","western sword fern","Dead","Collapse of All Fronds",100,"Suburban","Low - fairly natural, not much development","Upland or well drained","Urban yard or open park grounds","Top of slope",5,"No Selection","SF4","Yes","","","FHL0100","FZJ004","3","Field","Soil","Sword Fern Mortalilty","Sword Fern Field Samples","","4/25/25","Prepman","1.3","","5/16/2025, 5/20/25","","y","Y",NA,"","Phytophthora syringae","","Phytophthora","Oomycete",NA,"Phytophthora",8,"Phytophthora syringae","","P. syringae","Phytophthora syringae","Phytophthora syringae","FZJ004","3 Soil","10/28/24","imontejano05","https://www.inaturalist.org/observations/249523844","Mercer Island, Mercer Island, WA, US",47.56516,-122.213,"Polystichum munitum","western sword fern","Dead","Collapse of All Fronds",100,"Suburban","Low - fairly natural, not much development","Upland or well drained","Urban yard or open park grounds","Top of slope",5,"No Selection","SF4","Yes","",""
"13","FZJ005-1 Soil","4/9/25","4/25/25","4/18/25","V8 Broth Racks & Soil Swordfern Isolates","final","","","Phytopythium sp. 1","yes","V8B","","1 Soil","10/28/24","figgywiggums","https://www.inaturalist.org/observations/249524480","Mercer Island, Mercer Island, WA, US",47.56513,-122.213,"Polystichum munitum","western sword fern","Dead","Dead",100,"Suburban","Low - fairly natural, not much development","Upland or well drained","Urban yard or open park grounds","Lower slope",2,"No there are not any new plants","SF5","","","","FHL0101","FZJ005","1","Field","Soil","Sword Fern Mortalilty","Sword Fern Field Samples","","4/25/25","Prepman","1.93","","6/10/25","","y","Y",NA,"","Phytopythium sp. 1","","Phytopythium","Oomycete",NA,"Phytopythium",NA,"","","","","Phytopythium sp.","FZJ005","1 Soil","10/28/24","figgywiggums","https://www.inaturalist.org/observations/249524480","Mercer Island, Mercer Island, WA, US",47.56513,-122.213,"Polystichum munitum","western sword fern","Dead","Dead",100,"Suburban","Low - fairly natural, not much development","Upland or well drained","Urban yard or open park grounds","Lower slope",2,"No there are not any new plants","SF5","","",""
"14","FZJ006-1 Soil","","4/25/25","4/18/25","V8 Broth Racks & Soil Swordfern Isolates","final","","Group 2","Elongisporangium anandrum ","yes","V8B","","1 Soil","10/28/24","imontejano05","https://www.inaturalist.org/observations/249525347","Mercer Island, Mercer Island, WA, US",47.5649,-122.213,"Polystichum munitum","western sword fern","Dead","Dead",0,"Suburban","Low - fairly natural, not much development","Upland or well drained","Urban yard or open park grounds","Top of slope",3,"No there are not any new plants","SF6","","","","FHL0102","FZJ006","1","Field","Soil","Sword Fern Mortalilty","Sword Fern Field Samples","","4/25/25","Prepman","6.67","","6/10/25","","y","Y",NA,"","Elongisporangium anandrum ","","Elongisporangium","Oomycete",NA,"Pythium",NA,"","","","","Pythium sp.","FZJ006","1 Soil","10/28/24","imontejano05","https://www.inaturalist.org/observations/249525347","Mercer Island, Mercer Island, WA, US",47.5649,-122.213,"Polystichum munitum","western sword fern","Dead","Dead",0,"Suburban","Low - fairly natural, not much development","Upland or well drained","Urban yard or open park grounds","Top of slope",3,"No there are not any new plants","SF6","","",""
"15","FZJ006-1 Soil","","4/25/25","4/18/25","V8 Broth Racks & Soil Swordfern Isolates","final","","Group 2","Elongisporangium anandrum ","yes","V8B","","1 Soil","10/28/24","imontejano05","https://www.inaturalist.org/observations/249525347","Mercer Island, Mercer Island, WA, US",47.5649,-122.213,"Polystichum munitum","western sword fern","Dead","Dead",0,"Suburban","Low - fairly natural, not much development","Upland or well drained","Urban yard or open park grounds","Top of slope",3,"No there are not any new plants","SF6","","","","FHL0176","","","Field","","Sword Fern Mortalilty","Sword Fern Field Samples","","3/4/26","Zymo Fungal/Bacterial","0.298","","","","","",NA,"","","","","",NA,"",NA,"","","","","","FZJ006","1 Soil","10/28/24","imontejano05","https://www.inaturalist.org/observations/249525347","Mercer Island, Mercer Island, WA, US",47.5649,-122.213,"Polystichum munitum","western sword fern","Dead","Dead",0,"Suburban","Low - fairly natural, not much development","Upland or well drained","Urban yard or open park grounds","Top of slope",3,"No there are not any new plants","SF6","","",""
"16","FZJ006-2 Soil","","","4/18/25","V8 Broth Racks & Soil Swordfern Isolates","final","","Group 2","Elongisporangium anandrum ","yes","V8B","","2 Soil","10/28/24","imontejano05","https://www.inaturalist.org/observations/249525347","Mercer Island, Mercer Island, WA, US",47.5649,-122.213,"Polystichum munitum","western sword fern","Dead","Dead",0,"Suburban","Low - fairly natural, not much development","Upland or well drained","Urban yard or open park grounds","Top of slope",3,"No there are not any new plants","SF6","","","",NA,NA,NA,NA,NA,NA,NA,NA,NA,NA,NA,NA,NA,NA,NA,NA,NA,NA,NA,NA,NA,NA,NA,NA,NA,NA,NA,NA,NA,NA,"FZJ006","2 Soil","10/28/24","imontejano05","https://www.inaturalist.org/observations/249525347","Mercer Island, Mercer Island, WA, US",47.5649,-122.213,"Polystichum munitum","western sword fern","Dead","Dead",0,"Suburban","Low - fairly natural, not much development","Upland or well drained","Urban yard or open park grounds","Top of slope",3,"No there are not any new plants","SF6","","",""
"17","FZJ007-1 Soil","4/14/25","4/25/25","4/18/25","V8 Broth Racks & Soil Swordfern Isolates","final","Y","","Mortierella","yes","V8B","","1 Soil","10/28/24","imontejano05","https://www.inaturalist.org/observations/249527191","Mercer Island, Mercer Island, WA, US",47.5651,-122.213,"Polystichum munitum","western sword fern","Fair","No Selection",60,"Suburban","Low - fairly natural, not much development","Upland or well drained","Urban yard or open park grounds","Top of slope",3,"No there are not any new plants","SF7","","","","FHL0103","FZJ007","1","Field","Soil","Sword Fern Mortalilty","Sword Fern Field Samples","","4/25/25","Prepman","6.58","","5/16/25","","y","Y",NA,"","","","","Fungi",NA,"Fungal",NA,"","","","","","FZJ007","1 Soil","10/28/24","imontejano05","https://www.inaturalist.org/observations/249527191","Mercer Island, Mercer Island, WA, US",47.5651,-122.213,"Polystichum munitum","western sword fern","Fair","No Selection",60,"Suburban","Low - fairly natural, not much development","Upland or well drained","Urban yard or open park grounds","Top of slope",3,"No there are not any new plants","SF7","","",""
"18","FZJ008-1 Soil","","4/25/25","4/18/25","V8 Broth Racks & Soil Swordfern Isolates","final","Y","","Phytophthora abietivora","yes","V8B",".","1 Soil","10/28/24","imontejano05","https://www.inaturalist.org/observations/249528415","Mercer Island, Mercer Island, WA, US",47.56495,-122.213,"Polystichum munitum","western sword fern","Good","Browning fronds",2,"Suburban","Low - fairly natural, not much development","Upland or well drained","Urban yard or open park grounds","Top of slope",1,"No there are not any new plants","SF8","","","","FHL0104","FZJ008","1","Field","Soil","Sword Fern Mortalilty","Sword Fern Field Samples","","4/25/25","Prepman","2","","5/16/2025, 5/20/25","","y","Y",NA,"","Phytophthora europaea or abietivora?","","Phytophthora","Oomycete",NA,"Phytophthora",7,"Phytophthora flexuosa","","P. abietivora","Phytophthora clade 7 sp. 1","Phytophthora clade 7 sp. 1","FZJ008","1 Soil","10/28/24","imontejano05","https://www.inaturalist.org/observations/249528415","Mercer Island, Mercer Island, WA, US",47.56495,-122.213,"Polystichum munitum","western sword fern","Good","Browning fronds",2,"Suburban","Low - fairly natural, not much development","Upland or well drained","Urban yard or open park grounds","Top of slope",1,"No there are not any new plants","SF8","","",""
"19","FZJ009-1 Soil","4/14/25","","","","","","","","","","","1 Soil","10/28/24","imontejano05","https://www.inaturalist.org/observations/249528757","Mercer Island, Mercer Island, WA, US",47.565,-122.213,"Polystichum munitum","western sword fern","Good","Collapse of Some Fronds",40,"Suburban","Low - fairly natural, not much development","Upland or well drained","Urban yard or open park grounds","Middle of a slope",2,"Yes there are new plants","SF9","","","",NA,NA,NA,NA,NA,NA,NA,NA,NA,NA,NA,NA,NA,NA,NA,NA,NA,NA,NA,NA,NA,NA,NA,NA,NA,NA,NA,NA,NA,NA,"FZJ009","1 Soil","10/28/24","imontejano05","https://www.inaturalist.org/observations/249528757","Mercer Island, Mercer Island, WA, US",47.565,-122.213,"Polystichum munitum","western sword fern","Good","Collapse of Some Fronds",40,"Suburban","Low - fairly natural, not much development","Upland or well drained","Urban yard or open park grounds","Middle of a slope",2,"Yes there are new plants","SF9","","",""
"20","FZJ010-1 Soil","","4/25/25","4/18/25","V8 Broth Racks & Soil Swordfern Isolates","final","","","Mortierella","yes","V8B","","1 Soil","10/28/24","imontejano05","https://www.inaturalist.org/observations/249538374","Mercer Island, Mercer Island, WA, US",47.56509,-122.212,"Polystichum munitum","western sword fern","Poor","Collapse of Some Fronds",45,"Suburban","Low - fairly natural, not much development","Upland or well drained","Urban yard or open park grounds","Lower slope",1,"No there are not any new plants","SF10","","","","FHL0105","FZJ010","1","Field","Soil","Sword Fern Mortalilty","Sword Fern Field Samples","","4/25/25","Prepman","7.97","Not Sequenced","5/16/2025, 5/20/25","","y","Y",NA,"","","","","",NA,"Fungal",NA,"","","","","","FZJ010","1 Soil","10/28/24","imontejano05","https://www.inaturalist.org/observations/249538374","Mercer Island, Mercer Island, WA, US",47.56509,-122.212,"Polystichum munitum","western sword fern","Poor","Collapse of Some Fronds",45,"Suburban","Low - fairly natural, not much development","Upland or well drained","Urban yard or open park grounds","Lower slope",1,"No there are not any new plants","SF10","","",""
"21","FZJ010-2 Soil","4/10/24","4/25/25","4/18/25","V8 Broth Racks & Soil Swordfern Isolates","final","Y","","Mortierella","yes","V8B","","2 Soil","10/28/24","imontejano05","https://www.inaturalist.org/observations/249538374","Mercer Island, Mercer Island, WA, US",47.56509,-122.212,"Polystichum munitum","western sword fern","Poor","Collapse of Some Fronds",45,"Suburban","Low - fairly natural, not much development","Upland or well drained","Urban yard or open park grounds","Lower slope",1,"No there are not any new plants","SF10","","","","FHL0106","FZJ010","2","Field","Soil","Sword Fern Mortalilty","Sword Fern Field Samples","","4/25/25","Prepman","0.598","Not Sequenced","5/16/2025, 5/20/25","","y","Y",NA,"","","","","",NA,"Fungal",NA,"","","","","","FZJ010","2 Soil","10/28/24","imontejano05","https://www.inaturalist.org/observations/249538374","Mercer Island, Mercer Island, WA, US",47.56509,-122.212,"Polystichum munitum","western sword fern","Poor","Collapse of Some Fronds",45,"Suburban","Low - fairly natural, not much development","Upland or well drained","Urban yard or open park grounds","Lower slope",1,"No there are not any new plants","SF10","","",""
"22","FZJ010-3 Soil","4/14/25","","4/18/25","V8 Broth Racks & Soil Swordfern Isolates","final","","","unknown","yes","V8B","","3 Soil","10/28/24","imontejano05","https://www.inaturalist.org/observations/249538374","Mercer Island, Mercer Island, WA, US",47.56509,-122.212,"Polystichum munitum","western sword fern","Poor","Collapse of Some Fronds",45,"Suburban","Low - fairly natural, not much development","Upland or well drained","Urban yard or open park grounds","Lower slope",1,"No there are not any new plants","SF10","","","",NA,NA,NA,NA,NA,NA,NA,NA,NA,NA,NA,NA,NA,NA,NA,NA,NA,NA,NA,NA,NA,NA,NA,NA,NA,NA,NA,NA,NA,NA,"FZJ010","3 Soil","10/28/24","imontejano05","https://www.inaturalist.org/observations/249538374","Mercer Island, Mercer Island, WA, US",47.56509,-122.212,"Polystichum munitum","western sword fern","Poor","Collapse of Some Fronds",45,"Suburban","Low - fairly natural, not much development","Upland or well drained","Urban yard or open park grounds","Lower slope",1,"No there are not any new plants","SF10","","",""
"23","FZJ011-1 Soil","4/10/25","4/25/25","4/18/25","V8 Broth Racks & Soil Swordfern Isolates","final","Y","","Phytophthora syringae","yes","V8B",".","1 Soil","10/28/24","imontejano05","https://www.inaturalist.org/observations/249539500","Seward Park, Seattle, WA, US",47.55448,-122.25,"Polystichum munitum","western sword fern","Good","Collapse of Some Fronds",55,"Suburban","Medium (moderately used trails, etc)","Upland or well drained","Urban yard or open park grounds","Area is flat (e.g. field)",0,"Yes there are new plants","seward sf1","Yes","","","FHL0107","FZJ011","1","Field","Soil","Sword Fern Mortalilty","Sword Fern Field Samples","Y","4/25/25","Prepman","1.16","","5/8/2025, 5/13/25, 5/16/25, 5/22/25","","y","Y",NA,"","Phytophthora syringae","","Phytophthora","Oomycete",NA,"Phytophthora",8,"Phytophthora syringae","","P. syringae","Phytophthora syringae","Phytophthora syringae","FZJ011","1 Soil","10/28/24","imontejano05","https://www.inaturalist.org/observations/249539500","Seward Park, Seattle, WA, US",47.55448,-122.25,"Polystichum munitum","western sword fern","Good","Collapse of Some Fronds",55,"Suburban","Medium (moderately used trails, etc)","Upland or well drained","Urban yard or open park grounds","Area is flat (e.g. field)",0,"Yes there are new plants","seward sf1","Yes","",""
"24","FZJ011-2 Soil","4/10/25","4/25/25","4/18/25","V8 Broth Racks & Soil Swordfern Isolates","final","","","Globisporangium intermedium","yes","V8B","","2 Soil","10/28/24","imontejano05","https://www.inaturalist.org/observations/249539500","Seward Park, Seattle, WA, US",47.55448,-122.25,"Polystichum munitum","western sword fern","Good","Collapse of Some Fronds",55,"Suburban","Medium (moderately used trails, etc)","Upland or well drained","Urban yard or open park grounds","Area is flat (e.g. field)",0,"Yes there are new plants","seward sf1","Yes","","","FHL0108","FZJ011","2","Field","Soil","Sword Fern Mortalilty","Sword Fern Field Samples","Y","4/25/25","Prepman","2.68","","5/8/2025, 5/13/25, 5/16/25, 5/22/25","","y","Y",NA,"","Globisporangium intermedium","","Globisporangium","Oomycete",NA,"Pythium",NA,"Globisporangium intermedium","","","","Pythium sp.","FZJ011","2 Soil","10/28/24","imontejano05","https://www.inaturalist.org/observations/249539500","Seward Park, Seattle, WA, US",47.55448,-122.25,"Polystichum munitum","western sword fern","Good","Collapse of Some Fronds",55,"Suburban","Medium (moderately used trails, etc)","Upland or well drained","Urban yard or open park grounds","Area is flat (e.g. field)",0,"Yes there are new plants","seward sf1","Yes","",""
"25","FZJ012-1 Soil","","4/25/25","4/18/25","V8 Broth Racks & Soil Swordfern Isolates","final","","","Pythium attrantheridium","yes","V8B","","1 Soil","10/28/24","imontejano05","https://www.inaturalist.org/observations/249539633","Seward Park, Seattle, WA, US",47.55478,-122.25,"Polystichum munitum","western sword fern","Dead","No Selection",100,"Suburban","Medium (moderately used trails, etc)","Upland or well drained","Urban yard or open park grounds","Area is flat (e.g. field)",3,"No there are not any new plants","Seward sf2","Yes","","","FHL0109","FZJ012","1","Field","Soil","Sword Fern Mortalilty","Sword Fern Field Samples","Y","4/25/25","Prepman","10.8","","5/8/2025, 5/16/25, 5/22/25","","y","Y",NA,"","Pythium attrantheridium","","Pythium","Oomycete",NA,"Pythium",NA,"Globisporangium intermedium","","","","Pythium sp.","FZJ012","1 Soil","10/28/24","imontejano05","https://www.inaturalist.org/observations/249539633","Seward Park, Seattle, WA, US",47.55478,-122.25,"Polystichum munitum","western sword fern","Dead","No Selection",100,"Suburban","Medium (moderately used trails, etc)","Upland or well drained","Urban yard or open park grounds","Area is flat (e.g. field)",3,"No there are not any new plants","Seward sf2","Yes","",""
"26","FZJ012-2 Soil","4/10/24","4/25/25","4/18/25","V8 Broth Racks & Soil Swordfern Isolates","final","Y","","Phytophthora syringae","yes","V8B",".","2 Soil","10/28/24","imontejano05","https://www.inaturalist.org/observations/249539633","Seward Park, Seattle, WA, US",47.55478,-122.25,"Polystichum munitum","western sword fern","Dead","No Selection",100,"Suburban","Medium (moderately used trails, etc)","Upland or well drained","Urban yard or open park grounds","Area is flat (e.g. field)",3,"No there are not any new plants","Seward sf2","Yes","","","FHL0110","FZJ012","2","Field","Soil","Sword Fern Mortalilty","Sword Fern Field Samples","Y","4/25/25","Prepman","1.17","","5/8/2025, 5/16/25, 5/22/25","","y","Y",NA,"","Phytophthora syringae","","Phytophthora","Oomycete",NA,"Phytophthora",8,"Phytophthora syringae","","P. syringae","Phytophthora syringae","Phytophthora syringae","FZJ012","2 Soil","10/28/24","imontejano05","https://www.inaturalist.org/observations/249539633","Seward Park, Seattle, WA, US",47.55478,-122.25,"Polystichum munitum","western sword fern","Dead","No Selection",100,"Suburban","Medium (moderately used trails, etc)","Upland or well drained","Urban yard or open park grounds","Area is flat (e.g. field)",3,"No there are not any new plants","Seward sf2","Yes","",""
"27","FZJ013-1 Soil","","4/25/25","4/18/25","V8 Broth Racks & Soil Swordfern Isolates","final","","","Elongisporangium anandrum ","yes","V8B","","1 Soil","10/28/24","imontejano05","https://www.inaturalist.org/observations/249539788","Seward Park, Seattle, WA, US",47.5549,-122.25,"Polystichum munitum","western sword fern","No Selection","No Selection",100,"No Selection","No Selection","No Selection","No Selection","No selection",2,"No Selection","Seward sf3","","Cyathus Striatus growing on dead Fern","","FHL0111","FZJ013","1","Field","Soil","Sword Fern Mortalilty","Sword Fern Field Samples","Y","4/25/25","Prepman","9.07","","5/8/2025, 5/16/25, 5/22/25","","y","Y",NA,"","Elongisporangium anandrum ","","Elongisporangium","Oomycete",NA,"Pythium",NA,"","","","","Pythium sp.","FZJ013","1 Soil","10/28/24","imontejano05","https://www.inaturalist.org/observations/249539788","Seward Park, Seattle, WA, US",47.5549,-122.25,"Polystichum munitum","western sword fern","No Selection","No Selection",100,"No Selection","No Selection","No Selection","No Selection","No selection",2,"No Selection","Seward sf3","","Cyathus Striatus growing on dead Fern",""
"28","FZJ013-2 Soil","","4/25/25","4/18/25","V8 Broth Racks & Soil Swordfern Isolates","final","","","Elongisporangium anandrum ","yes","V8B","","2 Soil","10/28/24","imontejano05","https://www.inaturalist.org/observations/249539788","Seward Park, Seattle, WA, US",47.5549,-122.25,"Polystichum munitum","western sword fern","No Selection","No Selection",100,"No Selection","No Selection","No Selection","No Selection","No selection",2,"No Selection","Seward sf3","","Cyathus Striatus growing on dead Fern","","FHL0112","FZJ013","2","Field","Soil","Sword Fern Mortalilty","Sword Fern Field Samples","Y","4/25/25","Prepman","5","","5/8/2025, 5/16/25, 5/22/25","","y","Y",NA,"","Elongisporangium anandrum ","","Elongisporangium","Oomycete",NA,"Pythium",NA,"","","","","Pythium sp.","FZJ013","2 Soil","10/28/24","imontejano05","https://www.inaturalist.org/observations/249539788","Seward Park, Seattle, WA, US",47.5549,-122.25,"Polystichum munitum","western sword fern","No Selection","No Selection",100,"No Selection","No Selection","No Selection","No Selection","No selection",2,"No Selection","Seward sf3","","Cyathus Striatus growing on dead Fern",""
"29","FZJ013-3 Soil","4/8/25","4/25/25","4/18/25","V8 Broth Racks & Soil Swordfern Isolates","final","Y","","Phytophthora syringae","yes","V8B",".","3 Soil","10/28/24","imontejano05","https://www.inaturalist.org/observations/249539788","Seward Park, Seattle, WA, US",47.5549,-122.25,"Polystichum munitum","western sword fern","No Selection","No Selection",100,"No Selection","No Selection","No Selection","No Selection","No selection",2,"No Selection","Seward sf3","","Cyathus Striatus growing on dead Fern","","FHL0113","FZJ013","3","Field","Soil","Sword Fern Mortalilty","Sword Fern Field Samples","Y","4/25/25","Prepman","0.733","","5/8/2025, 5/16/25, 5/22/25","","y","Y",NA,"","Phytophthora syringae","","Phytophthora","Oomycete",NA,"Phytophthora",8,"Phytophthora syringae","","P. syringae","Phytophthora syringae","Phytophthora syringae","FZJ013","3 Soil","10/28/24","imontejano05","https://www.inaturalist.org/observations/249539788","Seward Park, Seattle, WA, US",47.5549,-122.25,"Polystichum munitum","western sword fern","No Selection","No Selection",100,"No Selection","No Selection","No Selection","No Selection","No selection",2,"No Selection","Seward sf3","","Cyathus Striatus growing on dead Fern",""
"30","FZJ014-1 Soil","","","4/22/25","Soil Swordfern Isolates on PARPHV8","secondary","Y","","Phytophthora abietivora","no","PARPHV8","","1 Soil","10/28/24","imontejano05","https://www.inaturalist.org/observations/249540600","Seward Park, Seattle, WA, US",47.55563,-122.251,"Polystichum munitum","western sword fern","No Selection","No Selection",75,"No Selection","No Selection","No Selection","No Selection","No selection",2,"No Selection","Seward sf4","Yes","","","FHL0234","FZJ014","1","Field","Soil","Sword Fern Mortalilty","Sword Fern Field Samples","","6/4/25","Prepman","1.76","","6/12/25","","y","Y",NA,"","Phytophthora europaea or abietivora?","","Phytophthora","Oomycete",NA,"Phytophthora",7,"Phytophthora flexuosa","","P. abietivora","Phytophthora clade 7 sp. 1","Phytophthora clade 7 sp. 1","FZJ014","1 Soil","10/28/24","imontejano05","https://www.inaturalist.org/observations/249540600","Seward Park, Seattle, WA, US",47.55563,-122.251,"Polystichum munitum","western sword fern","No Selection","No Selection",75,"No Selection","No Selection","No Selection","No Selection","No selection",2,"No Selection","Seward sf4","Yes","",""
"31","FZJ014-2 Soil","4/8/25","","4/22/25","Soil Swordfern Isolates on PARPHV8","secondary","Y","","Phytophthora syringae","no","PARPHV8","","2 Soil","10/28/24","imontejano05","https://www.inaturalist.org/observations/249540600","Seward Park, Seattle, WA, US",47.55563,-122.251,"Polystichum munitum","western sword fern","No Selection","No Selection",75,"No Selection","No Selection","No Selection","No Selection","No selection",2,"No Selection","Seward sf4","Yes","","","FHL0235","FZJ014","2","Field","Soil","Sword Fern Mortalilty","Sword Fern Field Samples","","6/4/25","Prepman","0.443","","6/12/25","","y","Y",NA,"","Phytophthora syringae","","Phytophthora","Oomycete",NA,"Phytophthora",8,"Phytophthora syringae","","P. syringae","Phytophthora syringae","Phytophthora syringae","FZJ014","2 Soil","10/28/24","imontejano05","https://www.inaturalist.org/observations/249540600","Seward Park, Seattle, WA, US",47.55563,-122.251,"Polystichum munitum","western sword fern","No Selection","No Selection",75,"No Selection","No Selection","No Selection","No Selection","No selection",2,"No Selection","Seward sf4","Yes","",""
"32","FZJ014-3 Soil","","4/25/25","4/18/25","V8 Broth Racks & Soil Swordfern Isolates","final","Y","","Phytophthora syringae","yes","V8B",".","3 Soil","10/28/24","imontejano05","https://www.inaturalist.org/observations/249540600","Seward Park, Seattle, WA, US",47.55563,-122.251,"Polystichum munitum","western sword fern","No Selection","No Selection",75,"No Selection","No Selection","No Selection","No Selection","No selection",2,"No Selection","Seward sf4","Yes","","","FHL0114","FZJ014","3","Field","Soil","Sword Fern Mortalilty","Sword Fern Field Samples","Y","4/25/25","Prepman","1.22","","5/8/2025, 5/16/25, 5/22/25","","y","Y",NA,"","Phytophthora syringae","","Phytophthora","Oomycete",NA,"Phytophthora",8,"Phytophthora syringae","","P. syringae","Phytophthora syringae","Phytophthora syringae","FZJ014","3 Soil","10/28/24","imontejano05","https://www.inaturalist.org/observations/249540600","Seward Park, Seattle, WA, US",47.55563,-122.251,"Polystichum munitum","western sword fern","No Selection","No Selection",75,"No Selection","No Selection","No Selection","No Selection","No selection",2,"No Selection","Seward sf4","Yes","",""
"33","FZJ015-1 Soil","4/10/25","4/25/25","4/18/25","V8 Broth Racks & Soil Swordfern Isolates","final","Y","","Phytophthora syringae","yes","V8B",".","1 Soil","10/28/24","imontejano05","https://www.inaturalist.org/observations/249542126","Seward Park, Seattle, WA, US",47.55588,-122.251,"Polystichum munitum","western sword fern","Poor","Collapse of Some Fronds",70,"Suburban","Medium (moderately used trails, etc)","Upland or well drained","Urban yard or open park grounds","Area is flat (e.g. field)",35,"No there are not any new plants","Seward sf5","Yes","","","FHL0115","FZJ015","1","Field","Soil","Sword Fern Mortalilty","Sword Fern Field Samples","Y","4/25/25","Prepman","1.02","","5/8/2025, 5/16/25, 5/22/25","","y","Y",NA,"","Phytophthora syringae","","Phytophthora","Oomycete",NA,"Phytophthora",8,"Phytophthora syringae","","P. syringae","Phytophthora syringae","Phytophthora syringae","FZJ015","1 Soil","10/28/24","imontejano05","https://www.inaturalist.org/observations/249542126","Seward Park, Seattle, WA, US",47.55588,-122.251,"Polystichum munitum","western sword fern","Poor","Collapse of Some Fronds",70,"Suburban","Medium (moderately used trails, etc)","Upland or well drained","Urban yard or open park grounds","Area is flat (e.g. field)",35,"No there are not any new plants","Seward sf5","Yes","",""
"34","FZJ018-1 Soil","","","4/22/25","Soil Swordfern Isolates on PARPHV8","secondary","Y","","unknown","no","PARPHV8","","1 Soil","10/28/24","imontejano05","https://www.inaturalist.org/observations/249543399","Seward Park, Seattle, WA, US",47.55739,-122.252,"Polystichum munitum","western sword fern","Good","Healthy",2,"Suburban","Medium (moderately used trails, etc)","Upland or well drained","Urban yard or open park grounds","Area is flat (e.g. field)",0,"No there are not any new plants","Seward sf8","Yes","","","FHL0232","FZJ018","1","Field","Soil","Sword Fern Mortalilty","Sword Fern Field Samples","","6/4/25","Prepman","0.985","not alligning","6/12/25","","y","Y",NA,"","","","","Oomycete",NA,"Phytopythium",NA,"","","","","Phytopythium sp.","FZJ018","1 Soil","10/28/24","imontejano05","https://www.inaturalist.org/observations/249543399","Seward Park, Seattle, WA, US",47.55739,-122.252,"Polystichum munitum","western sword fern","Good","Healthy",2,"Suburban","Medium (moderately used trails, etc)","Upland or well drained","Urban yard or open park grounds","Area is flat (e.g. field)",0,"No there are not any new plants","Seward sf8","Yes","",""
"35","FZJ018-2 Soil","4/14/25","","4/22/25","Soil Swordfern Isolates on PARPHV8","secondary","Y","","Mortierella","no","PARPHV8","","2 Soil","10/28/24","imontejano05","https://www.inaturalist.org/observations/249543399","Seward Park, Seattle, WA, US",47.55739,-122.252,"Polystichum munitum","western sword fern","Good","Healthy",2,"Suburban","Medium (moderately used trails, etc)","Upland or well drained","Urban yard or open park grounds","Area is flat (e.g. field)",0,"No there are not any new plants","Seward sf8","Yes","","","FHL0230","FZJ018","2","Field","Soil","Sword Fern Mortalilty","Sword Fern Field Samples","","6/4/25","Prepman","0.511","","6/12/25","","","Y",NA,"","","","","Fungi",NA,"Fungal",NA,"","","","","","FZJ018","2 Soil","10/28/24","imontejano05","https://www.inaturalist.org/observations/249543399","Seward Park, Seattle, WA, US",47.55739,-122.252,"Polystichum munitum","western sword fern","Good","Healthy",2,"Suburban","Medium (moderately used trails, etc)","Upland or well drained","Urban yard or open park grounds","Area is flat (e.g. field)",0,"No there are not any new plants","Seward sf8","Yes","",""
"36","FZJ019-1 Soil","","4/25/25","4/18/25","V8 Broth Racks & Soil Swordfern Isolates","final","Y","","Phytophthora syringae","yes","V8B",".","1 Soil","10/28/24","imontejano05","https://www.inaturalist.org/observations/249658770","Seward Park, Seattle, WA, US",NA,NA,"Polystichum munitum","western sword fern","Good","Healthy",1,"Suburban","Medium (moderately used trails, etc)","Upland or well drained","Urban yard or open park grounds","Area is flat (e.g. field)",0,"Not Sure","Seward sf9","Yes","Original upload failed, no location","","FHL0116","FZJ019","1","Field","Soil","Sword Fern Mortalilty","Sword Fern Field Samples","Y","4/25/25","Prepman","1.05","","5/8/2025, 5/16/25, 5/22/25","","y","Y",NA,"","Phytophthora syringae","","Phytophthora","Oomycete",NA,"Phytophthora",8,"Phytophthora syringae","","P. syringae","Phytophthora syringae","Phytophthora syringae","FZJ019","1 Soil","10/28/24","imontejano05","https://www.inaturalist.org/observations/249658770","Seward Park, Seattle, WA, US",NA,NA,"Polystichum munitum","western sword fern","Good","Healthy",1,"Suburban","Medium (moderately used trails, etc)","Upland or well drained","Urban yard or open park grounds","Area is flat (e.g. field)",0,"Not Sure","Seward sf9","Yes","Original upload failed, no location",""
"37","FZJ020-1 Soil","","4/29/25","4/18/25","V8 Broth Racks & Soil Swordfern Isolates","final","","Group 3","Elongisporangium anandrum ","yes","V8B","","1 Soil","1/24/25","figgywiggums","https://www.inaturalist.org/observations/259451034","Blakely Harbor, Bainbridge Island, WA, US",47.59631,-122.524,"Polystichum munitum","western sword fern","Poor","Browning fronds",10,"Rural","Medium (moderately used trails, etc)","Upland or well drained","Inside a forest canopy","Lower slope",60,"No there are not any new plants","Fort Ward site 1","","","","FHL0117","FZJ020","1","Field","Soil","Sword Fern Mortalilty","Sword Fern Field Samples","","4/29/25","Prepman","4.33","","6/10/25","","y","Y",NA,"","Elongisporangium anandrum ","","Elongisporangium","Oomycete",NA,"Pythium",NA,"","","","","Pythium sp.","FZJ020","1 Soil","1/24/25","figgywiggums","https://www.inaturalist.org/observations/259451034","Blakely Harbor, Bainbridge Island, WA, US",47.59631,-122.524,"Polystichum munitum","western sword fern","Poor","Browning fronds",10,"Rural","Medium (moderately used trails, etc)","Upland or well drained","Inside a forest canopy","Lower slope",60,"No there are not any new plants","Fort Ward site 1","","",""
"38","FZJ020-2 Soil","","","4/18/25","V8 Broth Racks & Soil Swordfern Isolates","final","","Group 3","Elongisporangium anandrum ","yes","V8B","","2 Soil","1/24/25","figgywiggums","https://www.inaturalist.org/observations/259451034","Blakely Harbor, Bainbridge Island, WA, US",47.59631,-122.524,"Polystichum munitum","western sword fern","Poor","Browning fronds",10,"Rural","Medium (moderately used trails, etc)","Upland or well drained","Inside a forest canopy","Lower slope",60,"No there are not any new plants","Fort Ward site 1","","","",NA,NA,NA,NA,NA,NA,NA,NA,NA,NA,NA,NA,NA,NA,NA,NA,NA,NA,NA,NA,NA,NA,NA,NA,NA,NA,NA,NA,NA,NA,"FZJ020","2 Soil","1/24/25","figgywiggums","https://www.inaturalist.org/observations/259451034","Blakely Harbor, Bainbridge Island, WA, US",47.59631,-122.524,"Polystichum munitum","western sword fern","Poor","Browning fronds",10,"Rural","Medium (moderately used trails, etc)","Upland or well drained","Inside a forest canopy","Lower slope",60,"No there are not any new plants","Fort Ward site 1","","",""
"39","FZJ022-1 Soil","","4/29/25","4/18/25","V8 Broth Racks & Soil Swordfern Isolates","final","Y","","unknown, low quality sequence","yes","V8B","","1 Soil","1/24/25","figgywiggums","https://www.inaturalist.org/observations/259451036","Blakely Harbor, Bainbridge Island, WA, US",47.59631,-122.524,"Polystichum munitum","western sword fern","Dead","Browning fronds",10,"Rural","Medium (moderately used trails, etc)","Upland or well drained","Inside a forest canopy","Lower slope",60,"No there are not any new plants","Fort Ward site 3","","No roots, soil sample only","","FHL0118","FZJ022","1","Field","Soil","Sword Fern Mortalilty","Sword Fern Field Samples","","4/29/25","Prepman","3.4","faint band in gel, low quality sequence","5/16/25","","y","Y",NA,"","","","","",NA,"Fungal",NA,"","","","","","FZJ022","1 Soil","1/24/25","figgywiggums","https://www.inaturalist.org/observations/259451036","Blakely Harbor, Bainbridge Island, WA, US",47.59631,-122.524,"Polystichum munitum","western sword fern","Dead","Browning fronds",10,"Rural","Medium (moderately used trails, etc)","Upland or well drained","Inside a forest canopy","Lower slope",60,"No there are not any new plants","Fort Ward site 3","","No roots, soil sample only",""
"40","FZJ022-2 Soil","4/14/25","","4/18/25","V8 Broth Racks & Soil Swordfern Isolates","final","Y","Group 20","Phytophthora syringae","yes","V8B",".","2 Soil","1/24/25","figgywiggums","https://www.inaturalist.org/observations/259451036","Blakely Harbor, Bainbridge Island, WA, US",47.59631,-122.524,"Polystichum munitum","western sword fern","Dead","Browning fronds",10,"Rural","Medium (moderately used trails, etc)","Upland or well drained","Inside a forest canopy","Lower slope",60,"No there are not any new plants","Fort Ward site 3","","No roots, soil sample only","",NA,NA,NA,NA,NA,NA,NA,NA,NA,NA,NA,NA,NA,NA,NA,NA,NA,NA,NA,NA,NA,NA,NA,NA,NA,NA,NA,NA,NA,NA,"FZJ022","2 Soil","1/24/25","figgywiggums","https://www.inaturalist.org/observations/259451036","Blakely Harbor, Bainbridge Island, WA, US",47.59631,-122.524,"Polystichum munitum","western sword fern","Dead","Browning fronds",10,"Rural","Medium (moderately used trails, etc)","Upland or well drained","Inside a forest canopy","Lower slope",60,"No there are not any new plants","Fort Ward site 3","","No roots, soil sample only",""
"41","FZJ022-3 Soil","4/14/25","4/29/25","4/18/25","V8 Broth Racks & Soil Swordfern Isolates","final","Y","Group 20","Phytophthora syringae","yes","V8B",".","3 Soil","1/24/25","figgywiggums","https://www.inaturalist.org/observations/259451036","Blakely Harbor, Bainbridge Island, WA, US",47.59631,-122.524,"Polystichum munitum","western sword fern","Dead","Browning fronds",10,"Rural","Medium (moderately used trails, etc)","Upland or well drained","Inside a forest canopy","Lower slope",60,"No there are not any new plants","Fort Ward site 3","","No roots, soil sample only","","FHL0119","FZJ022","3","Field","Soil","Sword Fern Mortalilty","Sword Fern Field Samples","","4/29/25","Prepman","2.89","","5/20/25","","y","Y",NA,"","Phytophthora syringae","","Phytophthora","Oomycete",NA,"Phytophthora",8,"Phytophthora syringae","","P. syringae","Phytophthora syringae","Phytophthora syringae","FZJ022","3 Soil","1/24/25","figgywiggums","https://www.inaturalist.org/observations/259451036","Blakely Harbor, Bainbridge Island, WA, US",47.59631,-122.524,"Polystichum munitum","western sword fern","Dead","Browning fronds",10,"Rural","Medium (moderately used trails, etc)","Upland or well drained","Inside a forest canopy","Lower slope",60,"No there are not any new plants","Fort Ward site 3","","No roots, soil sample only",""
"42","FZJ024-1 Soil","","","4/18/25","V8 Broth Racks & Soil Swordfern Isolates","final","","Group 4","Globisporangium debaryanum","yes","V8B","","1 Soil","1/24/25","figgywiggums","https://www.inaturalist.org/observations/259453708","Blakely Harbor, Bainbridge Island, WA, US",47.59663,-122.524,"Polystichum munitum","western sword fern","Poor","Browning fronds",5,"Rural","Medium (moderately used trails, etc)","Seasonally flooded area","Inside a forest canopy","Lower slope",10,"Yes there are new plants","fort ward site 2","","","",NA,NA,NA,NA,NA,NA,NA,NA,NA,NA,NA,NA,NA,NA,NA,NA,NA,NA,NA,NA,NA,NA,NA,NA,NA,NA,NA,NA,NA,NA,"FZJ024","1 Soil","1/24/25","figgywiggums","https://www.inaturalist.org/observations/259453708","Blakely Harbor, Bainbridge Island, WA, US",47.59663,-122.524,"Polystichum munitum","western sword fern","Poor","Browning fronds",5,"Rural","Medium (moderately used trails, etc)","Seasonally flooded area","Inside a forest canopy","Lower slope",10,"Yes there are new plants","fort ward site 2","","",""
"43","FZJ024-2 Soil","4/10/25","","4/22/25","Soil Swordfern Isolates on PARPHV8","secondary","","","unknown","no","PARPHV8","","2 Soil","1/24/25","figgywiggums","https://www.inaturalist.org/observations/259453708","Blakely Harbor, Bainbridge Island, WA, US",47.59663,-122.524,"Polystichum munitum","western sword fern","Poor","Browning fronds",5,"Rural","Medium (moderately used trails, etc)","Seasonally flooded area","Inside a forest canopy","Lower slope",10,"Yes there are new plants","fort ward site 2","","","","N/A","FZJ024","2","Field","Soil","Sword Fern Mortalilty","Sword Fern Field Samples","","6/4/25","Prepman","","appears contaminated","","","","",NA,"","","","","",NA,"",NA,"","","","","","FZJ024","2 Soil","1/24/25","figgywiggums","https://www.inaturalist.org/observations/259453708","Blakely Harbor, Bainbridge Island, WA, US",47.59663,-122.524,"Polystichum munitum","western sword fern","Poor","Browning fronds",5,"Rural","Medium (moderately used trails, etc)","Seasonally flooded area","Inside a forest canopy","Lower slope",10,"Yes there are new plants","fort ward site 2","","",""
"44","FZJ026-1 Soil","","4/29/25","4/18/25","V8 Broth Racks & Soil Swordfern Isolates","final","","Group 4","Globisporangium debaryanum","yes","V8B","","1 Soil","1/24/25","figgywiggums","https://www.inaturalist.org/observations/259453710","Blakely Harbor, Bainbridge Island, WA, US",47.59663,-122.524,"Polystichum munitum","western sword fern","Dead","Browning fronds",5,"Rural","Medium (moderately used trails, etc)","Seasonally flooded area","Inside a forest canopy","Lower slope",10,"Yes there are new plants","fort ward site 2","","No roots, soil sample only","","FHL0120","FZJ026","1","Field","Soil","Sword Fern Mortalilty","Sword Fern Field Samples","","4/29/25","Prepman","8.59","","6/10/25","","y","Y",NA,"","Globisporangium debaryanum","","Globisporangium","Oomycete",NA,"Pythium",NA,"","","","","Pythium sp.","FZJ026","1 Soil","1/24/25","figgywiggums","https://www.inaturalist.org/observations/259453710","Blakely Harbor, Bainbridge Island, WA, US",47.59663,-122.524,"Polystichum munitum","western sword fern","Dead","Browning fronds",5,"Rural","Medium (moderately used trails, etc)","Seasonally flooded area","Inside a forest canopy","Lower slope",10,"Yes there are new plants","fort ward site 2","","No roots, soil sample only",""
"45","FZJ026-2 Soil","","4/29/25","4/18/25","V8 Broth Racks & Soil Swordfern Isolates","final","","","Globisporangium debaryanum","yes","V8B","","2 Soil","1/24/25","figgywiggums","https://www.inaturalist.org/observations/259453710","Blakely Harbor, Bainbridge Island, WA, US",47.59663,-122.524,"Polystichum munitum","western sword fern","Dead","Browning fronds",5,"Rural","Medium (moderately used trails, etc)","Seasonally flooded area","Inside a forest canopy","Lower slope",10,"Yes there are new plants","fort ward site 2","","No roots, soil sample only","","FHL0121","FZJ026","2","Field","Soil","Sword Fern Mortalilty","Sword Fern Field Samples","","4/29/25","Prepman","7.59","","6/10/25","","y","Y",NA,"","Globisporangium debaryanum","","Globisporangium","Oomycete",NA,"Pythium",NA,"","","","","Pythium sp.","FZJ026","2 Soil","1/24/25","figgywiggums","https://www.inaturalist.org/observations/259453710","Blakely Harbor, Bainbridge Island, WA, US",47.59663,-122.524,"Polystichum munitum","western sword fern","Dead","Browning fronds",5,"Rural","Medium (moderately used trails, etc)","Seasonally flooded area","Inside a forest canopy","Lower slope",10,"Yes there are new plants","fort ward site 2","","No roots, soil sample only",""
"46","FZJ026-3 Soil","4/14/25","4/29/25","4/18/25","V8 Broth Racks & Soil Swordfern Isolates","final","","","Globisporangium debaryanum","yes","V8B","","3 Soil","1/24/25","figgywiggums","https://www.inaturalist.org/observations/259453710","Blakely Harbor, Bainbridge Island, WA, US",47.59663,-122.524,"Polystichum munitum","western sword fern","Dead","Browning fronds",5,"Rural","Medium (moderately used trails, etc)","Seasonally flooded area","Inside a forest canopy","Lower slope",10,"Yes there are new plants","fort ward site 2","","No roots, soil sample only","","FHL0122","FZJ026","3","Field","Soil","Sword Fern Mortalilty","Sword Fern Field Samples","","4/29/25","Prepman","4.19","","6/10/25","","y","Y",NA,"","Globisporangium debaryanum","","Globisporangium","Oomycete",NA,"Pythium",NA,"","","","","Pythium sp.","FZJ026","3 Soil","1/24/25","figgywiggums","https://www.inaturalist.org/observations/259453710","Blakely Harbor, Bainbridge Island, WA, US",47.59663,-122.524,"Polystichum munitum","western sword fern","Dead","Browning fronds",5,"Rural","Medium (moderately used trails, etc)","Seasonally flooded area","Inside a forest canopy","Lower slope",10,"Yes there are new plants","fort ward site 2","","No roots, soil sample only",""
"47","FZJ028-1 Soil","","4/29/25","4/18/25","V8 Broth Racks & Soil Swordfern Isolates","final","","","Globisporangium intermedium","yes","V8B","","1 Soil","1/24/25","figgywiggums","https://www.inaturalist.org/observations/259459909","Blakely Harbor, Bainbridge Island, WA, US",47.59651,-122.523,"Polystichum munitum","western sword fern","Poor","Multiple Symptoms (Please describe in Notes)",45,"Rural","Medium (moderately used trails, etc)","Upland or well drained","Inside a forest canopy","Middle of a slope",70,"Yes there are new plants","fort ward site 3","","","","FHL0123","FZJ028","1","Field","Soil","Sword Fern Mortalilty","Sword Fern Field Samples","","4/29/25","Prepman","9.22","","6/10/25","","y","Y",NA,"","Globisporangium intermedium","","Globisporangium","Oomycete",NA,"Pythium",NA,"Globisporangium intermedium","","","","Pythium sp.","FZJ028","1 Soil","1/24/25","figgywiggums","https://www.inaturalist.org/observations/259459909","Blakely Harbor, Bainbridge Island, WA, US",47.59651,-122.523,"Polystichum munitum","western sword fern","Poor","Multiple Symptoms (Please describe in Notes)",45,"Rural","Medium (moderately used trails, etc)","Upland or well drained","Inside a forest canopy","Middle of a slope",70,"Yes there are new plants","fort ward site 3","","",""
"48","FZJ030-1 Soil","4/10/25","4/29/25","4/18/25","V8 Broth Racks & Soil Swordfern Isolates","final","","","Globisporangium debaryanum","yes","V8B","","1 Soil","1/24/25","figgywiggums","https://www.inaturalist.org/observations/259459911","Blakely Harbor, Bainbridge Island, WA, US",47.59651,-122.523,"Polystichum munitum","western sword fern","Dead","Multiple Symptoms (Please describe in Notes)",45,"Rural","Medium (moderately used trails, etc)","Upland or well drained","Inside a forest canopy","Middle of a slope",70,"Yes there are new plants","fort ward site 3","","No roots, soil sample only","","FHL0124","FZJ030","1","Field","Soil","Sword Fern Mortalilty","Sword Fern Field Samples","","4/29/25","Prepman","6.64","","6/10/25","","y","Y",NA,"","Globisporangium debaryanum","","Globisporangium","Oomycete",NA,"Pythium",NA,"","","","","Pythium sp.","FZJ030","1 Soil","1/24/25","figgywiggums","https://www.inaturalist.org/observations/259459911","Blakely Harbor, Bainbridge Island, WA, US",47.59651,-122.523,"Polystichum munitum","western sword fern","Dead","Multiple Symptoms (Please describe in Notes)",45,"Rural","Medium (moderately used trails, etc)","Upland or well drained","Inside a forest canopy","Middle of a slope",70,"Yes there are new plants","fort ward site 3","","No roots, soil sample only",""
"49","FZJ032-1 Soil","","4/29/25","4/18/25","V8 Broth Racks & Soil Swordfern Isolates","final","Y","","Phytophthora syringae","yes","V8B",".","1 Soil","1/24/25","figgywiggums","https://www.inaturalist.org/observations/259460146","Bainbridge Island, Bainbridge Island, WA, US",47.59815,-122.519,"Polystichum munitum","western sword fern","Poor","Browning fronds",5,"Rural","Medium (moderately used trails, etc)","Upland or well drained","Inside a forest canopy","Top of slope",30,"Yes there are new plants","blakely cemetery  site 1","","","","FHL0125","FZJ032","1","Field","Soil","Sword Fern Mortalilty","Sword Fern Field Samples","","4/29/25","Prepman","2.14","","5/20/25","","y","Y",NA,"","Phytophthora syringae","","Phytophthora","Oomycete",NA,"Phytophthora",8,"Phytophthora syringae","","P. syringae","Phytophthora syringae","Phytophthora syringae","FZJ032","1 Soil","1/24/25","figgywiggums","https://www.inaturalist.org/observations/259460146","Bainbridge Island, Bainbridge Island, WA, US",47.59815,-122.519,"Polystichum munitum","western sword fern","Poor","Browning fronds",5,"Rural","Medium (moderately used trails, etc)","Upland or well drained","Inside a forest canopy","Top of slope",30,"Yes there are new plants","blakely cemetery  site 1","","",""
"50","FZJ032-2 Soil","4/14/25","4/29/25","4/18/25","V8 Broth Racks & Soil Swordfern Isolates","final","","","Globisporangium intermedium","yes","V8B","","2 Soil","1/24/25","figgywiggums","https://www.inaturalist.org/observations/259460146","Bainbridge Island, Bainbridge Island, WA, US",47.59815,-122.519,"Polystichum munitum","western sword fern","Poor","Browning fronds",5,"Rural","Medium (moderately used trails, etc)","Upland or well drained","Inside a forest canopy","Top of slope",30,"Yes there are new plants","blakely cemetery  site 1","","","","FHL0126","FZJ032","2","Field","Soil","Sword Fern Mortalilty","Sword Fern Field Samples","","4/29/25","Prepman","8.14","","6/10/25","","y","Y",NA,"","Globisporangium intermedium","","Globisporangium","Oomycete",NA,"Pythium",NA,"Globisporangium intermedium","","","","Pythium sp.","FZJ032","2 Soil","1/24/25","figgywiggums","https://www.inaturalist.org/observations/259460146","Bainbridge Island, Bainbridge Island, WA, US",47.59815,-122.519,"Polystichum munitum","western sword fern","Poor","Browning fronds",5,"Rural","Medium (moderately used trails, etc)","Upland or well drained","Inside a forest canopy","Top of slope",30,"Yes there are new plants","blakely cemetery  site 1","","",""
"51","FZJ033-1 Soil","4/10/25","","4/22/25","Soil Swordfern Isolates on PARPHV8","secondary","","","Pythium attrantheridium","no","PARPHV8","","1 Soil","1/24/25","figgywiggums","https://www.inaturalist.org/observations/259460147","Bainbridge Island, Bainbridge Island, WA, US",47.59815,-122.519,"Polystichum munitum","western sword fern","Dead","Browning fronds",5,"Rural","Medium (moderately used trails, etc)","Upland or well drained","Inside a forest canopy","Top of slope",30,"Yes there are new plants","blakely cemetery  site 1","","No roots, soil sample only","","FHL0239","FZJ033","1","Field","Soil","Sword Fern Mortalilty","Sword Fern Field Samples","","6/4/25","Prepman","0.812","","6/12/25","","","Y",NA,"","Pythium attrantheridium","","Pythium","Oomycete",NA,"Pythium",NA,"Pythium attrantheridium","","","","Pythium sp.","FZJ033","1 Soil","1/24/25","figgywiggums","https://www.inaturalist.org/observations/259460147","Bainbridge Island, Bainbridge Island, WA, US",47.59815,-122.519,"Polystichum munitum","western sword fern","Dead","Browning fronds",5,"Rural","Medium (moderately used trails, etc)","Upland or well drained","Inside a forest canopy","Top of slope",30,"Yes there are new plants","blakely cemetery  site 1","","No roots, soil sample only",""
"52","FZJ034-1 Soil","4/10/25","","","","","","","","","","","1 Soil","1/24/25","figgywiggums","https://www.inaturalist.org/observations/259460148","Bainbridge Island, Bainbridge Island, WA, US",47.59815,-122.519,"Polystichum munitum","western sword fern","Poor","Browning fronds",5,"Rural","Medium (moderately used trails, etc)","Upland or well drained","Inside a forest canopy","Top of slope",30,"Yes there are new plants","blakely cemetery  site 1","","","",NA,NA,NA,NA,NA,NA,NA,NA,NA,NA,NA,NA,NA,NA,NA,NA,NA,NA,NA,NA,NA,NA,NA,NA,NA,NA,NA,NA,NA,NA,"FZJ034","1 Soil","1/24/25","figgywiggums","https://www.inaturalist.org/observations/259460148","Bainbridge Island, Bainbridge Island, WA, US",47.59815,-122.519,"Polystichum munitum","western sword fern","Poor","Browning fronds",5,"Rural","Medium (moderately used trails, etc)","Upland or well drained","Inside a forest canopy","Top of slope",30,"Yes there are new plants","blakely cemetery  site 1","","",""
"53","FZJ034-2 Soil","","4/29/25","4/18/25","V8 Broth Racks & Soil Swordfern Isolates","final","Y","","Mortierella","yes","V8B","","2 Soil","1/24/25","figgywiggums","https://www.inaturalist.org/observations/259460148","Bainbridge Island, Bainbridge Island, WA, US",47.59815,-122.519,"Polystichum munitum","western sword fern","Poor","Browning fronds",5,"Rural","Medium (moderately used trails, etc)","Upland or well drained","Inside a forest canopy","Top of slope",30,"Yes there are new plants","blakely cemetery  site 1","","","","FHL0127","FZJ034","2","Field","Soil","Sword Fern Mortalilty","Sword Fern Field Samples","","4/29/25","Prepman","9.93","","5/20/2025, 5/22/25","","y","Y",NA,"","","","","Fungi",NA,"Fungal",NA,"","","","","","FZJ034","2 Soil","1/24/25","figgywiggums","https://www.inaturalist.org/observations/259460148","Bainbridge Island, Bainbridge Island, WA, US",47.59815,-122.519,"Polystichum munitum","western sword fern","Poor","Browning fronds",5,"Rural","Medium (moderately used trails, etc)","Upland or well drained","Inside a forest canopy","Top of slope",30,"Yes there are new plants","blakely cemetery  site 1","","",""
"54","FZJ036-1 Soil","4/9/25","4/29/25","4/18/25","V8 Broth Racks & Soil Swordfern Isolates","final","","","Globisporangium intermedium","yes","V8B","","1 Soil","1/24/25","figgywiggums","https://www.inaturalist.org/observations/259462788","Bainbridge Island, Bainbridge Island, WA, US",47.59892,-122.519,"Polystichum munitum","western sword fern","Dead","Browning fronds",5,"Rural","Medium (moderately used trails, etc)","Upland or well drained","Inside a forest canopy","Middle of a slope",15,"Yes there are new plants","blakely cemetery trail site 2","","No roots, soil sample only","","FHL0128","FZJ036","1","Field","Soil","Sword Fern Mortalilty","Sword Fern Field Samples","","4/29/25","Prepman","11.9","","6/10/25","","y","Y",NA,"","Globisporangium intermedium","","Globisporangium","Oomycete",NA,"Pythium",NA,"Globisporangium intermedium","","","","Pythium sp.","FZJ036","1 Soil","1/24/25","figgywiggums","https://www.inaturalist.org/observations/259462788","Bainbridge Island, Bainbridge Island, WA, US",47.59892,-122.519,"Polystichum munitum","western sword fern","Dead","Browning fronds",5,"Rural","Medium (moderately used trails, etc)","Upland or well drained","Inside a forest canopy","Middle of a slope",15,"Yes there are new plants","blakely cemetery trail site 2","","No roots, soil sample only",""
"55","FZJ037-1 Soil","4/10/25","","4/18/25","V8 Broth Racks & Soil Swordfern Isolates","final","","Group 21","Globisporangium intermedium","yes","V8B","","1 Soil","1/24/25","figgywiggums","https://www.inaturalist.org/observations/259462789","Bainbridge Island, Bainbridge Island, WA, US",47.59892,-122.519,"Polystichum munitum","western sword fern","Fair","Browning fronds",5,"Rural","Medium (moderately used trails, etc)","Upland or well drained","Inside a forest canopy","Middle of a slope",15,"Yes there are new plants","blakely cemetery trail site 2","","","",NA,NA,NA,NA,NA,NA,NA,NA,NA,NA,NA,NA,NA,NA,NA,NA,NA,NA,NA,NA,NA,NA,NA,NA,NA,NA,NA,NA,NA,NA,"FZJ037","1 Soil","1/24/25","figgywiggums","https://www.inaturalist.org/observations/259462789","Bainbridge Island, Bainbridge Island, WA, US",47.59892,-122.519,"Polystichum munitum","western sword fern","Fair","Browning fronds",5,"Rural","Medium (moderately used trails, etc)","Upland or well drained","Inside a forest canopy","Middle of a slope",15,"Yes there are new plants","blakely cemetery trail site 2","","",""
"56","FZJ038-1 Soil","","4/29/25","4/18/25","V8 Broth Racks & Soil Swordfern Isolates","final","","Group 21","Globisporangium intermedium","yes","V8B","","1 Soil","1/24/25","figgywiggums","https://www.inaturalist.org/observations/259462790","Bainbridge Island, Bainbridge Island, WA, US",47.59892,-122.519,"Polystichum munitum","western sword fern","Fair","Browning fronds",5,"Rural","Medium (moderately used trails, etc)","Upland or well drained","Inside a forest canopy","Middle of a slope",15,"Yes there are new plants","blakely cemetery trail site 2","","","","FHL0129","FZJ038","1","Field","Soil","Sword Fern Mortalilty","Sword Fern Field Samples","","4/29/25","Prepman","8.89","","6/10/25","","y","Y",NA,"","Globisporangium intermedium","","Globisporangium","Oomycete",NA,"Pythium",NA,"Globisporangium intermedium","","","","Pythium sp.","FZJ038","1 Soil","1/24/25","figgywiggums","https://www.inaturalist.org/observations/259462790","Bainbridge Island, Bainbridge Island, WA, US",47.59892,-122.519,"Polystichum munitum","western sword fern","Fair","Browning fronds",5,"Rural","Medium (moderately used trails, etc)","Upland or well drained","Inside a forest canopy","Middle of a slope",15,"Yes there are new plants","blakely cemetery trail site 2","","",""
"57","FZJ038-1 Soil","","4/29/25","4/18/25","V8 Broth Racks & Soil Swordfern Isolates","final","","Group 21","Globisporangium intermedium","yes","V8B","","1 Soil","1/24/25","figgywiggums","https://www.inaturalist.org/observations/259462790","Bainbridge Island, Bainbridge Island, WA, US",47.59892,-122.519,"Polystichum munitum","western sword fern","Fair","Browning fronds",5,"Rural","Medium (moderately used trails, etc)","Upland or well drained","Inside a forest canopy","Middle of a slope",15,"Yes there are new plants","blakely cemetery trail site 2","","","","FHL0129","","","Field","","Sword Fern Mortalilty","Sword Fern Field Samples","","3/4/26","Zymo Fungal/Bacterial","0.524","","","","","Y",NA,"","","","","",NA,"",NA,"","","","","","FZJ038","1 Soil","1/24/25","figgywiggums","https://www.inaturalist.org/observations/259462790","Bainbridge Island, Bainbridge Island, WA, US",47.59892,-122.519,"Polystichum munitum","western sword fern","Fair","Browning fronds",5,"Rural","Medium (moderately used trails, etc)","Upland or well drained","Inside a forest canopy","Middle of a slope",15,"Yes there are new plants","blakely cemetery trail site 2","","",""
"58","FZJ038-2 Soil","","","4/22/25","Soil Swordfern Isolates on PARPHV8","secondary","Y","","Pythium attrantheridium","no","PARPHV8","","2 Soil","1/24/25","figgywiggums","https://www.inaturalist.org/observations/259462790","Bainbridge Island, Bainbridge Island, WA, US",47.59892,-122.519,"Polystichum munitum","western sword fern","Fair","Browning fronds",5,"Rural","Medium (moderately used trails, etc)","Upland or well drained","Inside a forest canopy","Middle of a slope",15,"Yes there are new plants","blakely cemetery trail site 2","","","","FHL0225","FZJ038","2","Field","Soil","Sword Fern Mortalilty","Sword Fern Field Samples","","5/23/25","Prepman","10.5","","6/12/25","","","Y",NA,"","Pythium attrantheridium","","Pythium","Oomycete",NA,"Pythium",NA,"Pythium attrantheridium","","","","Pythium sp.","FZJ038","2 Soil","1/24/25","figgywiggums","https://www.inaturalist.org/observations/259462790","Bainbridge Island, Bainbridge Island, WA, US",47.59892,-122.519,"Polystichum munitum","western sword fern","Fair","Browning fronds",5,"Rural","Medium (moderately used trails, etc)","Upland or well drained","Inside a forest canopy","Middle of a slope",15,"Yes there are new plants","blakely cemetery trail site 2","","",""
"59","FZJ040-1 Soil","","4/29/25","4/18/25","V8 Broth Racks & Soil Swordfern Isolates","final","","","Phytophthora megasperma","yes","V8B","","1 Soil","1/24/25","figgywiggums","https://www.inaturalist.org/observations/259781454","Blakely Harbor, Bainbridge Island, WA, US",47.59738,-122.519,"Polystichum munitum","western sword fern","Dead","Browning fronds",20,"Rural","Medium (moderately used trails, etc)","Upland or well drained","Forest edge","Lower slope",70,"Yes there are new plants","blakely harbor site 1","Yes","No roots, soil sample only","","FHL0130","FZJ040","1","Field","Soil","Sword Fern Mortalilty","Sword Fern Field Samples","","4/29/25","Prepman","4.73","","6/10/25","","y","Y",NA,"","Phytophthora megasperma","","Phytophthora","Oomycete",NA,"Phytophthora",6,"Phytophthora megasperma","","P. megasperma","Phytophthora chlamydospora","Phytophthora chlamydospora","FZJ040","1 Soil","1/24/25","figgywiggums","https://www.inaturalist.org/observations/259781454","Blakely Harbor, Bainbridge Island, WA, US",47.59738,-122.519,"Polystichum munitum","western sword fern","Dead","Browning fronds",20,"Rural","Medium (moderately used trails, etc)","Upland or well drained","Forest edge","Lower slope",70,"Yes there are new plants","blakely harbor site 1","Yes","No roots, soil sample only",""
"60","FZJ041-1 Soil","","4/29/25","4/18/25","V8 Broth Racks & Soil Swordfern Isolates","final","","","Elongisporangium anandrum ","yes","V8B","","1 Soil","1/24/25","figgywiggums","https://www.inaturalist.org/observations/259781454","Blakely Harbor, Bainbridge Island, WA, US",47.59738,-122.519,"Polystichum munitum","western sword fern","Poor","Browning fronds",20,"Rural","Medium (moderately used trails, etc)","Upland or well drained","Forest edge","Lower slope",70,"Yes there are new plants","blakely harbor site 1","","No roots, soil sample only","","FHL0131","FZJ041","1","Field","Soil","Sword Fern Mortalilty","Sword Fern Field Samples","","4/29/25","Prepman","9.39","","6/10/25","","y","Y",NA,"","Elongisporangium anandrum ","","Elongisporangium","Oomycete",NA,"Pythium",NA,"","","","","Pythium sp.","FZJ041","1 Soil","1/24/25","figgywiggums","https://www.inaturalist.org/observations/259781454","Blakely Harbor, Bainbridge Island, WA, US",47.59738,-122.519,"Polystichum munitum","western sword fern","Poor","Browning fronds",20,"Rural","Medium (moderately used trails, etc)","Upland or well drained","Forest edge","Lower slope",70,"Yes there are new plants","blakely harbor site 1","","No roots, soil sample only",""
"61","FZJ041-2 Soil","","","4/18/25","V8 Broth Racks & Soil Swordfern Isolates","final","","Group 5","Elongisporangium anandrum ","yes","V8B","","2 Soil","1/24/25","figgywiggums","https://www.inaturalist.org/observations/259781454","Blakely Harbor, Bainbridge Island, WA, US",47.59738,-122.519,"Polystichum munitum","western sword fern","Poor","Browning fronds",20,"Rural","Medium (moderately used trails, etc)","Upland or well drained","Forest edge","Lower slope",70,"Yes there are new plants","blakely harbor site 1","","No roots, soil sample only","",NA,NA,NA,NA,NA,NA,NA,NA,NA,NA,NA,NA,NA,NA,NA,NA,NA,NA,NA,NA,NA,NA,NA,NA,NA,NA,NA,NA,NA,NA,"FZJ041","2 Soil","1/24/25","figgywiggums","https://www.inaturalist.org/observations/259781454","Blakely Harbor, Bainbridge Island, WA, US",47.59738,-122.519,"Polystichum munitum","western sword fern","Poor","Browning fronds",20,"Rural","Medium (moderately used trails, etc)","Upland or well drained","Forest edge","Lower slope",70,"Yes there are new plants","blakely harbor site 1","","No roots, soil sample only",""
"62","FZJ042-1 Soil","4/10/25","4/29/25","4/18/25","V8 Broth Racks & Soil Swordfern Isolates","final","","","Elongisporangium anandrum ","yes","V8B","","1 Soil","1/24/25","figgywiggums","https://www.inaturalist.org/observations/259781454","Blakely Harbor, Bainbridge Island, WA, US",47.59738,-122.519,"Polystichum munitum","western sword fern","Poor","Browning fronds",20,"Rural","Medium (moderately used trails, etc)","Upland or well drained","Forest edge","Lower slope",70,"Yes there are new plants","blakely harbor site 1","","No roots, soil sample only","","FHL0132","FZJ042","1","Field","Soil","Sword Fern Mortalilty","Sword Fern Field Samples","","4/29/25","Prepman","7.57","","6/10/25","","y","Y",NA,"","Elongisporangium anandrum ","","Elongisporangium","Oomycete",NA,"Pythium",NA,"","","","","Pythium sp.","FZJ042","1 Soil","1/24/25","figgywiggums","https://www.inaturalist.org/observations/259781454","Blakely Harbor, Bainbridge Island, WA, US",47.59738,-122.519,"Polystichum munitum","western sword fern","Poor","Browning fronds",20,"Rural","Medium (moderately used trails, etc)","Upland or well drained","Forest edge","Lower slope",70,"Yes there are new plants","blakely harbor site 1","","No roots, soil sample only",""
"63","FZJ042-2 Soil","4/11/25","4/29/25","4/18/25","V8 Broth Racks & Soil Swordfern Isolates","final","","Group 5","Elongisporangium anandrum ","yes","V8B","","2 Soil","1/24/25","figgywiggums","https://www.inaturalist.org/observations/259781454","Blakely Harbor, Bainbridge Island, WA, US",47.59738,-122.519,"Polystichum munitum","western sword fern","Poor","Browning fronds",20,"Rural","Medium (moderately used trails, etc)","Upland or well drained","Forest edge","Lower slope",70,"Yes there are new plants","blakely harbor site 1","","No roots, soil sample only","","FHL0133","FZJ042","2","Field","Soil","Sword Fern Mortalilty","Sword Fern Field Samples","","4/29/25","Prepman","9.99","","6/10/25","","y","Y",NA,"","Elongisporangium anandrum ","","Elongisporangium","Oomycete",NA,"Pythium",NA,"","","","","Pythium sp.","FZJ042","2 Soil","1/24/25","figgywiggums","https://www.inaturalist.org/observations/259781454","Blakely Harbor, Bainbridge Island, WA, US",47.59738,-122.519,"Polystichum munitum","western sword fern","Poor","Browning fronds",20,"Rural","Medium (moderately used trails, etc)","Upland or well drained","Forest edge","Lower slope",70,"Yes there are new plants","blakely harbor site 1","","No roots, soil sample only",""
"64","FZJ043-1 Soil","","","4/18/25","V8 Broth Racks & Soil Swordfern Isolates","final","Y","Group 22","Phytophthora plurivora","yes","V8B","","1 Soil","2/10/25","figgywiggums","https://www.inaturalist.org/observations/261274927","Four Hundred Sixty-Second Street East, Eatonville, WA, US",46.84846,-122.297,"Polystichum munitum","western sword fern","Dead","Collapse of All Fronds",50,"Rural","Medium (moderately used trails, etc)","No Selection","No Selection","No selection",35,"No Selection","Mashel Falls, Site 1, Fern 2","Yes","Dying","***NOTE: While trying to download the iNat data ferns 2-3 didn't upload. I had to turn on the projecct again and the information was there, but once I uploaded it it all deleted so I am using Fern 1 conditions for all ferns like we would when just doing full site descriptions but using the photos to find dieback percetn",NA,NA,NA,NA,NA,NA,NA,NA,NA,NA,NA,NA,NA,NA,NA,NA,NA,NA,NA,NA,NA,NA,NA,NA,NA,NA,NA,NA,NA,NA,"FZJ043","1 Soil","2/10/25","figgywiggums","https://www.inaturalist.org/observations/261274927","Four Hundred Sixty-Second Street East, Eatonville, WA, US",46.84846,-122.297,"Polystichum munitum","western sword fern","Dead","Collapse of All Fronds",50,"Rural","Medium (moderately used trails, etc)","No Selection","No Selection","No selection",35,"No Selection","Mashel Falls, Site 1, Fern 2","Yes","Dying","***NOTE: While trying to download the iNat data ferns 2-3 didn't upload. I had to turn on the projecct again and the information was there, but once I uploaded it it all deleted so I am using Fern 1 conditions for all ferns like we would when just doing full site descriptions but using the photos to find dieback percetn"
"65","FZJ044-1 Soil","","4/29/25","4/18/25","V8 Broth Racks & Soil Swordfern Isolates","final","","","Pythium attrantheridium","yes","V8B","","1 Soil","2/10/25","figgywiggums","https://www.inaturalist.org/observations/261275929","Four Hundred Sixty-Second Street East, Eatonville, WA, US",46.84871,-122.297,"Polystichum munitum","western sword fern","Dead","Collapse of All Fronds",3,"Rural","Medium (moderately used trails, etc)","No Selection","No Selection","No selection",35,"No Selection","Mashel Falls, Site 1, Fern3","","","***NOTE: While trying to download the iNat data ferns 2-3 didn't upload. I had to turn on the projecct again and the information was there, but once I uploaded it it all deleted so I am using Fern 1 conditions for all ferns like we would when just doing full site descriptions but using the photos to find dieback percetn","FHL0134","FZJ044","1","Field","Soil","Sword Fern Mortalilty","Sword Fern Field Samples","","4/29/25","Prepman","5.68","","6/10/25","","y","Y",NA,"","Pythium attrantheridium","","Pythium","Oomycete",NA,"Pythium",NA,"Pythium attrantheridium","","","","Pythium sp.","FZJ044","1 Soil","2/10/25","figgywiggums","https://www.inaturalist.org/observations/261275929","Four Hundred Sixty-Second Street East, Eatonville, WA, US",46.84871,-122.297,"Polystichum munitum","western sword fern","Dead","Collapse of All Fronds",3,"Rural","Medium (moderately used trails, etc)","No Selection","No Selection","No selection",35,"No Selection","Mashel Falls, Site 1, Fern3","","","***NOTE: While trying to download the iNat data ferns 2-3 didn't upload. I had to turn on the projecct again and the information was there, but once I uploaded it it all deleted so I am using Fern 1 conditions for all ferns like we would when just doing full site descriptions but using the photos to find dieback percetn"
"66","FZJ044-2 Soil","","","4/18/25","V8 Broth Racks & Soil Swordfern Isolates","final","Y","Group 6","Phytophthora plurivora","yes","V8B",".","2 Soil","2/10/25","figgywiggums","https://www.inaturalist.org/observations/261275929","Four Hundred Sixty-Second Street East, Eatonville, WA, US",46.84871,-122.297,"Polystichum munitum","western sword fern","Dead","Collapse of All Fronds",3,"Rural","Medium (moderately used trails, etc)","No Selection","No Selection","No selection",35,"No Selection","Mashel Falls, Site 1, Fern3","","","***NOTE: While trying to download the iNat data ferns 2-3 didn't upload. I had to turn on the projecct again and the information was there, but once I uploaded it it all deleted so I am using Fern 1 conditions for all ferns like we would when just doing full site descriptions but using the photos to find dieback percetn",NA,NA,NA,NA,NA,NA,NA,NA,NA,NA,NA,NA,NA,NA,NA,NA,NA,NA,NA,NA,NA,NA,NA,NA,NA,NA,NA,NA,NA,NA,"FZJ044","2 Soil","2/10/25","figgywiggums","https://www.inaturalist.org/observations/261275929","Four Hundred Sixty-Second Street East, Eatonville, WA, US",46.84871,-122.297,"Polystichum munitum","western sword fern","Dead","Collapse of All Fronds",3,"Rural","Medium (moderately used trails, etc)","No Selection","No Selection","No selection",35,"No Selection","Mashel Falls, Site 1, Fern3","","","***NOTE: While trying to download the iNat data ferns 2-3 didn't upload. I had to turn on the projecct again and the information was there, but once I uploaded it it all deleted so I am using Fern 1 conditions for all ferns like we would when just doing full site descriptions but using the photos to find dieback percetn"
"67","FZJ044-3 Soil","","4/29/25","4/18/25","V8 Broth Racks & Soil Swordfern Isolates","final","Y","Group 6","Phytophthora plurivora","yes","V8B",".","3 Soil","2/10/25","figgywiggums","https://www.inaturalist.org/observations/261275929","Four Hundred Sixty-Second Street East, Eatonville, WA, US",46.84871,-122.297,"Polystichum munitum","western sword fern","Dead","Collapse of All Fronds",3,"Rural","Medium (moderately used trails, etc)","No Selection","No Selection","No selection",35,"No Selection","Mashel Falls, Site 1, Fern3","","","***NOTE: While trying to download the iNat data ferns 2-3 didn't upload. I had to turn on the projecct again and the information was there, but once I uploaded it it all deleted so I am using Fern 1 conditions for all ferns like we would when just doing full site descriptions but using the photos to find dieback percetn","FHL0135","FZJ044","3","Field","Soil","Sword Fern Mortalilty","Sword Fern Field Samples","","4/29/25","Prepman","1.89","","5/20/25","","y","Y",NA,"","Phytophthora plurivora","","Phytophthora","Oomycete",NA,"Phytophthora",2,"Phytophthora plurivora","","P. citricola","Phytophthora plurivora","Phytophthora plurivora","FZJ044","3 Soil","2/10/25","figgywiggums","https://www.inaturalist.org/observations/261275929","Four Hundred Sixty-Second Street East, Eatonville, WA, US",46.84871,-122.297,"Polystichum munitum","western sword fern","Dead","Collapse of All Fronds",3,"Rural","Medium (moderately used trails, etc)","No Selection","No Selection","No selection",35,"No Selection","Mashel Falls, Site 1, Fern3","","","***NOTE: While trying to download the iNat data ferns 2-3 didn't upload. I had to turn on the projecct again and the information was there, but once I uploaded it it all deleted so I am using Fern 1 conditions for all ferns like we would when just doing full site descriptions but using the photos to find dieback percetn"
"68","FZJ044-4 Soil","4/11/25","","","","","","","","","","","4 Soil","2/10/25","figgywiggums","https://www.inaturalist.org/observations/261275929","Four Hundred Sixty-Second Street East, Eatonville, WA, US",46.84871,-122.297,"Polystichum munitum","western sword fern","Dead","Collapse of All Fronds",3,"Rural","Medium (moderately used trails, etc)","No Selection","No Selection","No selection",35,"No Selection","Mashel Falls, Site 1, Fern3","","","***NOTE: While trying to download the iNat data ferns 2-3 didn't upload. I had to turn on the projecct again and the information was there, but once I uploaded it it all deleted so I am using Fern 1 conditions for all ferns like we would when just doing full site descriptions but using the photos to find dieback percetn",NA,NA,NA,NA,NA,NA,NA,NA,NA,NA,NA,NA,NA,NA,NA,NA,NA,NA,NA,NA,NA,NA,NA,NA,NA,NA,NA,NA,NA,NA,"FZJ044","4 Soil","2/10/25","figgywiggums","https://www.inaturalist.org/observations/261275929","Four Hundred Sixty-Second Street East, Eatonville, WA, US",46.84871,-122.297,"Polystichum munitum","western sword fern","Dead","Collapse of All Fronds",3,"Rural","Medium (moderately used trails, etc)","No Selection","No Selection","No selection",35,"No Selection","Mashel Falls, Site 1, Fern3","","","***NOTE: While trying to download the iNat data ferns 2-3 didn't upload. I had to turn on the projecct again and the information was there, but once I uploaded it it all deleted so I am using Fern 1 conditions for all ferns like we would when just doing full site descriptions but using the photos to find dieback percetn"
"69","FZJ045-1 Soil","","4/29/25","4/18/25","V8 Broth Racks & Soil Swordfern Isolates","final","Y","","Phytophthora plurivora","yes","V8B",".","1 Soil","2/10/25","figgywiggums","https://www.inaturalist.org/observations/261275929","Four Hundred Sixty-Second Street East, Eatonville, WA, US",46.84871,-122.297,"Polystichum munitum","western sword fern","","Collapse of All Fronds",3,"Rural","Medium (moderately used trails, etc)","No Selection","No Selection","No selection",35,"No Selection","Mashel Falls, Site 1, Fern 4","","","***NOTE: While trying to download the iNat data ferns 2-3 didn't upload. I had to turn on the projecct again and the information was there, but once I uploaded it it all deleted so I am using Fern 1 conditions for all ferns like we would when just doing full site descriptions but using the photos to find dieback percetn","FHL0136","FZJ045","1","Field","Soil","Sword Fern Mortalilty","Sword Fern Field Samples","","4/29/25","Prepman","1.57","","5/20/25","","y","Y",NA,"","Phytophthora plurivora","","Phytophthora","Oomycete",NA,"Phytophthora",2,"Phytophthora plurivora","","P. plurivora","Phytophthora plurivora","Phytophthora plurivora","FZJ045","1 Soil","2/10/25","figgywiggums","https://www.inaturalist.org/observations/261275929","Four Hundred Sixty-Second Street East, Eatonville, WA, US",46.84871,-122.297,"Polystichum munitum","western sword fern","","Collapse of All Fronds",3,"Rural","Medium (moderately used trails, etc)","No Selection","No Selection","No selection",35,"No Selection","Mashel Falls, Site 1, Fern 4","","","***NOTE: While trying to download the iNat data ferns 2-3 didn't upload. I had to turn on the projecct again and the information was there, but once I uploaded it it all deleted so I am using Fern 1 conditions for all ferns like we would when just doing full site descriptions but using the photos to find dieback percetn"
"70","FZJ045-2 Soil","","","4/18/25","V8 Broth Racks & Soil Swordfern Isolates","final","","","Pythium attrantheridium","yes","V8B","","2 Soil","2/10/25","figgywiggums","https://www.inaturalist.org/observations/261275929","Four Hundred Sixty-Second Street East, Eatonville, WA, US",46.84871,-122.297,"Polystichum munitum","western sword fern","","Collapse of All Fronds",3,"Rural","Medium (moderately used trails, etc)","No Selection","No Selection","No selection",35,"No Selection","Mashel Falls, Site 1, Fern 4","","","***NOTE: While trying to download the iNat data ferns 2-3 didn't upload. I had to turn on the projecct again and the information was there, but once I uploaded it it all deleted so I am using Fern 1 conditions for all ferns like we would when just doing full site descriptions but using the photos to find dieback percetn","FHL0137","FZJ045","2","Field","Soil","Sword Fern Mortalilty","Sword Fern Field Samples","","4/29/25","Prepman","9.52","","6/10/25","","y","Y",NA,"","Pythium attrantheridium","","Pythium","Oomycete",NA,"Pythium",NA,"Pythium attrantheridium","","","","Pythium sp.","FZJ045","2 Soil","2/10/25","figgywiggums","https://www.inaturalist.org/observations/261275929","Four Hundred Sixty-Second Street East, Eatonville, WA, US",46.84871,-122.297,"Polystichum munitum","western sword fern","","Collapse of All Fronds",3,"Rural","Medium (moderately used trails, etc)","No Selection","No Selection","No selection",35,"No Selection","Mashel Falls, Site 1, Fern 4","","","***NOTE: While trying to download the iNat data ferns 2-3 didn't upload. I had to turn on the projecct again and the information was there, but once I uploaded it it all deleted so I am using Fern 1 conditions for all ferns like we would when just doing full site descriptions but using the photos to find dieback percetn"
"71","FZJ045-3 Soil","4/11/25","4/29/25","4/18/25","V8 Broth Racks & Soil Swordfern Isolates","final","Y","Group 22","Phytophthora plurivora","yes","V8B",".","3 Soil","2/10/25","figgywiggums","https://www.inaturalist.org/observations/261275929","Four Hundred Sixty-Second Street East, Eatonville, WA, US",46.84871,-122.297,"Polystichum munitum","western sword fern","","Collapse of All Fronds",3,"Rural","Medium (moderately used trails, etc)","No Selection","No Selection","No selection",35,"No Selection","Mashel Falls, Site 1, Fern 4","","","***NOTE: While trying to download the iNat data ferns 2-3 didn't upload. I had to turn on the projecct again and the information was there, but once I uploaded it it all deleted so I am using Fern 1 conditions for all ferns like we would when just doing full site descriptions but using the photos to find dieback percetn","FHL0138","FZJ045","3","Field","Soil","Sword Fern Mortalilty","Sword Fern Field Samples","","4/29/25","Prepman","1","","5/20/25","","y","Y",NA,"","Phytophthora plurivora","","Phytophthora","Oomycete",NA,"Phytophthora",2,"Phytophthora plurivora","","P. citricola","Phytophthora plurivora","Phytophthora plurivora","FZJ045","3 Soil","2/10/25","figgywiggums","https://www.inaturalist.org/observations/261275929","Four Hundred Sixty-Second Street East, Eatonville, WA, US",46.84871,-122.297,"Polystichum munitum","western sword fern","","Collapse of All Fronds",3,"Rural","Medium (moderately used trails, etc)","No Selection","No Selection","No selection",35,"No Selection","Mashel Falls, Site 1, Fern 4","","","***NOTE: While trying to download the iNat data ferns 2-3 didn't upload. I had to turn on the projecct again and the information was there, but once I uploaded it it all deleted so I am using Fern 1 conditions for all ferns like we would when just doing full site descriptions but using the photos to find dieback percetn"
"72","FZJ046-1 Soil","4/9/25","","4/18/25","V8 Broth Racks & Soil Swordfern Isolates","final","Y","Group 7","Phytophthora occultans","yes","V8B","","1 Soil","1/30/25","","","Zeeks Pizza",NA,NA,"","","Dead","",NA,"","","","","",NA,"","","Yes","Fern stump","",NA,NA,NA,NA,NA,NA,NA,NA,NA,NA,NA,NA,NA,NA,NA,NA,NA,NA,NA,NA,NA,NA,NA,NA,NA,NA,NA,NA,NA,NA,"FZJ046","1 Soil","1/30/25","","","Zeeks Pizza",NA,NA,"","","Dead","",NA,"","","","","",NA,"","","Yes","Fern stump",""
"73","FZJ047-1 Soil","","4/29/25","4/18/25","V8 Broth Racks & Soil Swordfern Isolates","final","","Group 23","Phytophthora occultans","yes","V8B","","1 Soil","1/30/25","","","Zeeks Pizza",NA,NA,"","","Dead","",NA,"","","","","",NA,"","","","Fern stump","","FHL0139","FZJ047","1","Field","Soil","Sword Fern Mortalilty","Sword Fern Field Samples","","4/29/25","Prepman","2.39","","6/10/25","","y","Y",NA,"","Phytophthora occultans","","Phytophthora","Oomycete",NA,"Phytophthora",2,"Phytophthora occultans","","P. occultans complex","Phytophthora occultans","Phytophthora occultans","FZJ047","1 Soil","1/30/25","","","Zeeks Pizza",NA,NA,"","","Dead","",NA,"","","","","",NA,"","","","Fern stump",""
"74","FZJ047-2 Soil","","4/29/25","4/18/25","V8 Broth Racks & Soil Swordfern Isolates","final","Y","Group 7","Phytophthora occultans","yes","V8B","","2 Soil","1/30/25","","","Zeeks Pizza",NA,NA,"","","Dead","",NA,"","","","","",NA,"","","","Fern stump","","FHL0140","FZJ047","2","Field","Soil","Sword Fern Mortalilty","Sword Fern Field Samples","","4/29/25","Prepman","3.2","","6/10/25","","y","Y",NA,"","Phytophthora occultans","","Phytophthora","Oomycete",NA,"Phytophthora",2,"Phytophthora occultans","","P. occultans complex","Phytophthora occultans","Phytophthora occultans","FZJ047","2 Soil","1/30/25","","","Zeeks Pizza",NA,NA,"","","Dead","",NA,"","","","","",NA,"","","","Fern stump",""
"75","FZJ047-3 Soil","","","4/18/25","V8 Broth Racks & Soil Swordfern Isolates","final","Y","Group 23","Phytophthora occultans","yes","V8B","","3 Soil","1/30/25","","","Zeeks Pizza",NA,NA,"","","Dead","",NA,"","","","","",NA,"","","","Fern stump","",NA,NA,NA,NA,NA,NA,NA,NA,NA,NA,NA,NA,NA,NA,NA,NA,NA,NA,NA,NA,NA,NA,NA,NA,NA,NA,NA,NA,NA,NA,"FZJ047","3 Soil","1/30/25","","","Zeeks Pizza",NA,NA,"","","Dead","",NA,"","","","","",NA,"","","","Fern stump",""
"76","FZJ049-1 Soil","4/9/25","4/30/25","4/18/25","V8 Broth Racks & Soil Swordfern Isolates","final","","","unknown","yes","V8B","","1 Soil","2/17/25","imontejano05","https://www.inaturalist.org/observations/262174091","Morganmarsh Ln W, Seabeck, WA, US",47.55717,-122.88,"Polystichum munitum","western sword fern","Good","No Selection",15,"Rural","Medium (moderately used trails, etc)","Upland or well drained","Other","Lower slope",15,"Not Sure","Seabeck Site 1","","Fern 2","","N/A","FZJ049","1","Field","Soil","Sword Fern Mortalilty","Sword Fern Field Samples","","4/30/25","Prepman","","not enough mycelia growth to extract","","","","",NA,"","","","","",NA,"",NA,"","","","","","FZJ049","1 Soil","2/17/25","imontejano05","https://www.inaturalist.org/observations/262174091","Morganmarsh Ln W, Seabeck, WA, US",47.55717,-122.88,"Polystichum munitum","western sword fern","Good","No Selection",15,"Rural","Medium (moderately used trails, etc)","Upland or well drained","Other","Lower slope",15,"Not Sure","Seabeck Site 1","","Fern 2",""
"77","FZJ051-1 Root","","","3/17/25","Clean oomycetes on V8","final","","","mortierella","N/A","V8","Clean oomycetes on V8","1 Root","2/17/25","figgywiggums","https://www.inaturalist.org/observations/262021905","Morganmarsh Ln W, Seabeck, WA, US",47.55747,-122.881,"Polystichum munitum","western sword fern","Good","Healthy",2,"Rural","Low - fairly natural, not much development","Upland or well drained","Forest edge","Top of slope",15,"No there are not any new plants","seabeck site 2","","Fern 1","","FHL0516","","","Field","Root","Sword Fern Mortalilty","Sword Fern Field Samples","","5/22/26","Qiagen PlantPro","13.6","","6/11/26","","","",NA,"","","","","",NA,"",NA,"","","","","","FZJ051","1 Root","2/17/25","figgywiggums","https://www.inaturalist.org/observations/262021905","Morganmarsh Ln W, Seabeck, WA, US",47.55747,-122.881,"Polystichum munitum","western sword fern","Good","Healthy",2,"Rural","Low - fairly natural, not much development","Upland or well drained","Forest edge","Top of slope",15,"No there are not any new plants","seabeck site 2","","Fern 1",""
"78","FZJ051-2 Root","","4/2/25","3/17/25","Clean oomycetes on V8","final","","","unknown, low quality sequence","N/A","V8","Clean oomycetes on V8","2 Root","2/17/25","figgywiggums","https://www.inaturalist.org/observations/262021905","Morganmarsh Ln W, Seabeck, WA, US",47.55747,-122.881,"Polystichum munitum","western sword fern","Good","Healthy",2,"Rural","Low - fairly natural, not much development","Upland or well drained","Forest edge","Top of slope",15,"No there are not any new plants","seabeck site 2","","Fern 1","",NA,NA,NA,NA,NA,NA,NA,NA,NA,NA,NA,NA,NA,NA,NA,NA,NA,NA,NA,NA,NA,NA,NA,NA,NA,NA,NA,NA,NA,NA,"FZJ051","2 Root","2/17/25","figgywiggums","https://www.inaturalist.org/observations/262021905","Morganmarsh Ln W, Seabeck, WA, US",47.55747,-122.881,"Polystichum munitum","western sword fern","Good","Healthy",2,"Rural","Low - fairly natural, not much development","Upland or well drained","Forest edge","Top of slope",15,"No there are not any new plants","seabeck site 2","","Fern 1",""
"79","FZJ052-1 Soil","","4/30/25","4/18/25","V8 Broth Racks & Soil Swordfern Isolates","final","","","Pythium attrantheridium","yes","V8B","","1 Soil","2/17/25","figgywiggums","https://www.inaturalist.org/observations/262021905","Morganmarsh Ln W, Seabeck, WA, US",47.55747,-122.881,"Polystichum munitum","western sword fern","Good","Healthy",2,"Rural","Low - fairly natural, not much development","Upland or well drained","Forest edge","Top of slope",15,"No there are not any new plants","seabeck site 2","","Fern 2","","FHL0141","FZJ052","1","Field","Soil","Sword Fern Mortalilty","Sword Fern Field Samples","","4/30/25","Prepman","8.91","","6/10/25","","y","Y",NA,"","Pythium attrantheridium","","Pythium","Oomycete",NA,"Pythium",NA,"Pythium attrantheridium","","","","Pythium sp.","FZJ052","1 Soil","2/17/25","figgywiggums","https://www.inaturalist.org/observations/262021905","Morganmarsh Ln W, Seabeck, WA, US",47.55747,-122.881,"Polystichum munitum","western sword fern","Good","Healthy",2,"Rural","Low - fairly natural, not much development","Upland or well drained","Forest edge","Top of slope",15,"No there are not any new plants","seabeck site 2","","Fern 2",""
"80","FZJ053-1 Soil","","","4/18/25","V8 Broth Racks & Soil Swordfern Isolates","final","","Group 8","Pythium senticosum","yes","V8B","","1 Soil","2/17/25","figgywiggums","https://www.inaturalist.org/observations/262021905","Morganmarsh Ln W, Seabeck, WA, US",47.55747,-122.881,"Polystichum munitum","western sword fern","Good","Healthy",2,"Rural","Low - fairly natural, not much development","Upland or well drained","Forest edge","Top of slope",15,"No there are not any new plants","seabeck site 2","","Fern 3","",NA,NA,NA,NA,NA,NA,NA,NA,NA,NA,NA,NA,NA,NA,NA,NA,NA,NA,NA,NA,NA,NA,NA,NA,NA,NA,NA,NA,NA,NA,"FZJ053","1 Soil","2/17/25","figgywiggums","https://www.inaturalist.org/observations/262021905","Morganmarsh Ln W, Seabeck, WA, US",47.55747,-122.881,"Polystichum munitum","western sword fern","Good","Healthy",2,"Rural","Low - fairly natural, not much development","Upland or well drained","Forest edge","Top of slope",15,"No there are not any new plants","seabeck site 2","","Fern 3",""
"81","FZJ053-2 Soil","4/8/25","4/30/25","4/18/25","V8 Broth Racks & Soil Swordfern Isolates","final","","Group 8","Pythium senticosum","yes","V8B","","2 Soil","2/17/25","figgywiggums","https://www.inaturalist.org/observations/262021905","Morganmarsh Ln W, Seabeck, WA, US",47.55747,-122.881,"Polystichum munitum","western sword fern","Good","Healthy",2,"Rural","Low - fairly natural, not much development","Upland or well drained","Forest edge","Top of slope",15,"No there are not any new plants","seabeck site 2","","Fern 3","","FHL0142","FZJ053","2","Field","Soil","Sword Fern Mortalilty","Sword Fern Field Samples","","4/30/25","Prepman","9.83","","6/10/25","","y","Y",NA,"","Pythium senticosum","","Pythium","Oomycete",NA,"Pythium",NA,"","","","","Pythium sp.","FZJ053","2 Soil","2/17/25","figgywiggums","https://www.inaturalist.org/observations/262021905","Morganmarsh Ln W, Seabeck, WA, US",47.55747,-122.881,"Polystichum munitum","western sword fern","Good","Healthy",2,"Rural","Low - fairly natural, not much development","Upland or well drained","Forest edge","Top of slope",15,"No there are not any new plants","seabeck site 2","","Fern 3",""
"82","FZJ053-3 Soil","","","","","","","","","","","","3 Soil","2/17/25","figgywiggums","https://www.inaturalist.org/observations/262021905","Morganmarsh Ln W, Seabeck, WA, US",47.55747,-122.881,"Polystichum munitum","western sword fern","Good","Healthy",2,"Rural","Low - fairly natural, not much development","Upland or well drained","Forest edge","Top of slope",15,"No there are not any new plants","seabeck site 2","","Fern 3","",NA,NA,NA,NA,NA,NA,NA,NA,NA,NA,NA,NA,NA,NA,NA,NA,NA,NA,NA,NA,NA,NA,NA,NA,NA,NA,NA,NA,NA,NA,"FZJ053","3 Soil","2/17/25","figgywiggums","https://www.inaturalist.org/observations/262021905","Morganmarsh Ln W, Seabeck, WA, US",47.55747,-122.881,"Polystichum munitum","western sword fern","Good","Healthy",2,"Rural","Low - fairly natural, not much development","Upland or well drained","Forest edge","Top of slope",15,"No there are not any new plants","seabeck site 2","","Fern 3",""
"83","FZJ054-1 Root","","4/30/25","3/17/25","Clean oomycetes on V8","final","","","unknown","N/A","V8","Clean oomycetes on V8","1 Root","2/17/25","figgywiggums","https://www.inaturalist.org/observations/262023034","Morganmarsh Ln W, Seabeck, WA, US",47.55708,-122.88,"Polystichum munitum","western sword fern","Good","Collapse of Some Fronds",35,"Rural","Low - fairly natural, not much development","Upland or well drained","Forest edge","Riverbank",75,"No there are not any new plants","seabeck site 3","","Fern 1","","FHL0618","","","Field","Root","Sword Fern Mortalilty","Sword Fern Field Samples","","5/28/26","Qiagen PlantPro","5.77","","6/11/26","","","",NA,"","","","","",NA,"",NA,"","","","","","FZJ054","1 Root","2/17/25","figgywiggums","https://www.inaturalist.org/observations/262023034","Morganmarsh Ln W, Seabeck, WA, US",47.55708,-122.88,"Polystichum munitum","western sword fern","Good","Collapse of Some Fronds",35,"Rural","Low - fairly natural, not much development","Upland or well drained","Forest edge","Riverbank",75,"No there are not any new plants","seabeck site 3","","Fern 1",""
"84","FZJ054-1 Root","","4/30/25","3/17/25","Clean oomycetes on V8","final","","","unknown","N/A","V8","Clean oomycetes on V8","1 Root","2/17/25","figgywiggums","https://www.inaturalist.org/observations/262023034","Morganmarsh Ln W, Seabeck, WA, US",47.55708,-122.88,"Polystichum munitum","western sword fern","Good","Collapse of Some Fronds",35,"Rural","Low - fairly natural, not much development","Upland or well drained","Forest edge","Riverbank",75,"No there are not any new plants","seabeck site 3","","Fern 1","","N/A","FZJ054","1","Field","Root","Sword Fern Mortalilty","Sword Fern Field Samples","","6/4/25","Prepman","","Not enough mycelia growth to extract","","","","",NA,"","","","","",NA,"",NA,"","","","","","FZJ054","1 Root","2/17/25","figgywiggums","https://www.inaturalist.org/observations/262023034","Morganmarsh Ln W, Seabeck, WA, US",47.55708,-122.88,"Polystichum munitum","western sword fern","Good","Collapse of Some Fronds",35,"Rural","Low - fairly natural, not much development","Upland or well drained","Forest edge","Riverbank",75,"No there are not any new plants","seabeck site 3","","Fern 1",""
"85","FZJ054-1 Soil","4/8/25","","4/18/25","V8 Broth Racks & Soil Swordfern Isolates","final","","","Pythium attrantheridium","yes","V8B","","1 Soil","2/17/25","figgywiggums","https://www.inaturalist.org/observations/262023034","Morganmarsh Ln W, Seabeck, WA, US",47.55708,-122.88,"Polystichum munitum","western sword fern","Good","Collapse of Some Fronds",35,"Rural","Low - fairly natural, not much development","Upland or well drained","Forest edge","Riverbank",75,"No there are not any new plants","seabeck site 3","","Fern 1","","FHL0143","FZJ054","1","Field","Soil","Sword Fern Mortalilty","Sword Fern Field Samples","","4/30/25","Prepman","1.8","","6/10/25","","y","Y",NA,"","Pythium attrantheridium","","Pythium","Oomycete",NA,"Pythium",NA,"Pythium attrantheridium","","","","Pythium sp.","FZJ054","1 Soil","2/17/25","figgywiggums","https://www.inaturalist.org/observations/262023034","Morganmarsh Ln W, Seabeck, WA, US",47.55708,-122.88,"Polystichum munitum","western sword fern","Good","Collapse of Some Fronds",35,"Rural","Low - fairly natural, not much development","Upland or well drained","Forest edge","Riverbank",75,"No there are not any new plants","seabeck site 3","","Fern 1",""
"86","FZJ054-2 Root","","4/2/25","3/14/25","PDR Isolates/Swordfern Roots","secondary","","","Unknown, low quality sequence","no","PARPHV8","","2 Root","2/17/25","figgywiggums","https://www.inaturalist.org/observations/262023034","Morganmarsh Ln W, Seabeck, WA, US",47.55708,-122.88,"Polystichum munitum","western sword fern","Good","Collapse of Some Fronds",35,"Rural","Low - fairly natural, not much development","Upland or well drained","Forest edge","Riverbank",75,"No there are not any new plants","seabeck site 3","","Fern 1","",NA,NA,NA,NA,NA,NA,NA,NA,NA,NA,NA,NA,NA,NA,NA,NA,NA,NA,NA,NA,NA,NA,NA,NA,NA,NA,NA,NA,NA,NA,"FZJ054","2 Root","2/17/25","figgywiggums","https://www.inaturalist.org/observations/262023034","Morganmarsh Ln W, Seabeck, WA, US",47.55708,-122.88,"Polystichum munitum","western sword fern","Good","Collapse of Some Fronds",35,"Rural","Low - fairly natural, not much development","Upland or well drained","Forest edge","Riverbank",75,"No there are not any new plants","seabeck site 3","","Fern 1",""
"87","FZJ055-1 Soil","","4/30/25","4/18/25","V8 Broth Racks & Soil Swordfern Isolates","final","","","Pythium attrantheridium","yes","V8B","","1 Soil","2/17/25","figgywiggums","https://www.inaturalist.org/observations/262023034","Morganmarsh Ln W, Seabeck, WA, US",47.55708,-122.88,"Polystichum munitum","western sword fern","Good","Collapse of Some Fronds",35,"Rural","Low - fairly natural, not much development","Upland or well drained","Forest edge","Riverbank",75,"No there are not any new plants","seabeck site 3","","Fern 2","","FHL0144","FZJ055","1","Field","Soil","Sword Fern Mortalilty","Sword Fern Field Samples","","4/30/25","Prepman","8.08","","6/10/25","","y","Y",NA,"","Pythium attrantheridium","","Pythium","Oomycete",NA,"Pythium",NA,"Pythium attrantheridium","","","","Pythium sp.","FZJ055","1 Soil","2/17/25","figgywiggums","https://www.inaturalist.org/observations/262023034","Morganmarsh Ln W, Seabeck, WA, US",47.55708,-122.88,"Polystichum munitum","western sword fern","Good","Collapse of Some Fronds",35,"Rural","Low - fairly natural, not much development","Upland or well drained","Forest edge","Riverbank",75,"No there are not any new plants","seabeck site 3","","Fern 2",""
"88","FZJ055-2 Soil","","4/30/25","4/18/25","V8 Broth Racks & Soil Swordfern Isolates","final","","","Pythium attrantheridium","yes","V8B","","2 Soil","2/17/25","figgywiggums","https://www.inaturalist.org/observations/262023034","Morganmarsh Ln W, Seabeck, WA, US",47.55708,-122.88,"Polystichum munitum","western sword fern","Good","Collapse of Some Fronds",35,"Rural","Low - fairly natural, not much development","Upland or well drained","Forest edge","Riverbank",75,"No there are not any new plants","seabeck site 3","","Fern 2","","FHL0145","FZJ055","2","Field","Soil","Sword Fern Mortalilty","Sword Fern Field Samples","","4/30/25","Prepman","9.05","","6/10/25","","y","Y",NA,"","Pythium attrantheridium","","Pythium","Oomycete",NA,"Pythium",NA,"Pythium attrantheridium","","","","Pythium sp.","FZJ055","2 Soil","2/17/25","figgywiggums","https://www.inaturalist.org/observations/262023034","Morganmarsh Ln W, Seabeck, WA, US",47.55708,-122.88,"Polystichum munitum","western sword fern","Good","Collapse of Some Fronds",35,"Rural","Low - fairly natural, not much development","Upland or well drained","Forest edge","Riverbank",75,"No there are not any new plants","seabeck site 3","","Fern 2",""
"89","FZJ056-1 Root","","4/2/25","3/17/25","Clean oomycetes on V8","final","","","unknown","N/A","V8","Clean oomycetes on V8","1 Root","2/17/25","figgywiggums","https://www.inaturalist.org/observations/262023034","Morganmarsh Ln W, Seabeck, WA, US",47.55708,-122.88,"Polystichum munitum","western sword fern","Good","Collapse of Some Fronds",35,"Rural","Low - fairly natural, not much development","Upland or well drained","Forest edge","Riverbank",75,"No there are not any new plants","seabeck site 3","","Fern 3","","FHL0620","","","Field","Root","Sword Fern Mortalilty","Sword Fern Field Samples","","5/28/26","Qiagen PlantPro","12.4","","6/11/26","","","",NA,"","","","","",NA,"",NA,"","","","","","FZJ056","1 Root","2/17/25","figgywiggums","https://www.inaturalist.org/observations/262023034","Morganmarsh Ln W, Seabeck, WA, US",47.55708,-122.88,"Polystichum munitum","western sword fern","Good","Collapse of Some Fronds",35,"Rural","Low - fairly natural, not much development","Upland or well drained","Forest edge","Riverbank",75,"No there are not any new plants","seabeck site 3","","Fern 3",""
"90","FZJ056-1 Soil","4/9/25","4/30/25","4/18/25","V8 Broth Racks & Soil Swordfern Isolates","final","","","Globisporangium debaryanum","yes","V8B","","1 Soil","2/17/25","figgywiggums","https://www.inaturalist.org/observations/262023034","Morganmarsh Ln W, Seabeck, WA, US",47.55708,-122.88,"Polystichum munitum","western sword fern","Good","Collapse of Some Fronds",35,"Rural","Low - fairly natural, not much development","Upland or well drained","Forest edge","Riverbank",75,"No there are not any new plants","seabeck site 3","","Fern 3","","FHL0146","FZJ056","1","Field","Soil","Sword Fern Mortalilty","Sword Fern Field Samples","","4/30/25","Prepman","4.79","","6/10/25","","y","Y",NA,"","Globisporangium debaryanum","","Globisporangium","Oomycete",NA,"Pythium",NA,"","","","","Pythium sp.","FZJ056","1 Soil","2/17/25","figgywiggums","https://www.inaturalist.org/observations/262023034","Morganmarsh Ln W, Seabeck, WA, US",47.55708,-122.88,"Polystichum munitum","western sword fern","Good","Collapse of Some Fronds",35,"Rural","Low - fairly natural, not much development","Upland or well drained","Forest edge","Riverbank",75,"No there are not any new plants","seabeck site 3","","Fern 3",""
"91","FZJ056-2 Root","","4/2/25","3/17/25","Clean oomycetes on V8","final","","","Unknown, low quality sequence","N/A","V8","Clean oomycetes on V8","2 Root","2/17/25","figgywiggums","https://www.inaturalist.org/observations/262023034","Morganmarsh Ln W, Seabeck, WA, US",47.55708,-122.88,"Polystichum munitum","western sword fern","Good","Collapse of Some Fronds",35,"Rural","Low - fairly natural, not much development","Upland or well drained","Forest edge","Riverbank",75,"No there are not any new plants","seabeck site 3","","Fern 3","",NA,NA,NA,NA,NA,NA,NA,NA,NA,NA,NA,NA,NA,NA,NA,NA,NA,NA,NA,NA,NA,NA,NA,NA,NA,NA,NA,NA,NA,NA,"FZJ056","2 Root","2/17/25","figgywiggums","https://www.inaturalist.org/observations/262023034","Morganmarsh Ln W, Seabeck, WA, US",47.55708,-122.88,"Polystichum munitum","western sword fern","Good","Collapse of Some Fronds",35,"Rural","Low - fairly natural, not much development","Upland or well drained","Forest edge","Riverbank",75,"No there are not any new plants","seabeck site 3","","Fern 3",""
"92","FZJ056-3 Root","","","3/17/25","Clean oomycetes on V8","final","","","Mortierella","N/A","V8","Clean oomycetes on V8","3 Root","2/17/25","figgywiggums","https://www.inaturalist.org/observations/262023034","Morganmarsh Ln W, Seabeck, WA, US",47.55708,-122.88,"Polystichum munitum","western sword fern","Good","Collapse of Some Fronds",35,"Rural","Low - fairly natural, not much development","Upland or well drained","Forest edge","Riverbank",75,"No there are not any new plants","seabeck site 3","","Fern 3","",NA,NA,NA,NA,NA,NA,NA,NA,NA,NA,NA,NA,NA,NA,NA,NA,NA,NA,NA,NA,NA,NA,NA,NA,NA,NA,NA,NA,NA,NA,"FZJ056","3 Root","2/17/25","figgywiggums","https://www.inaturalist.org/observations/262023034","Morganmarsh Ln W, Seabeck, WA, US",47.55708,-122.88,"Polystichum munitum","western sword fern","Good","Collapse of Some Fronds",35,"Rural","Low - fairly natural, not much development","Upland or well drained","Forest edge","Riverbank",75,"No there are not any new plants","seabeck site 3","","Fern 3",""
"93","FZJ057-1 Root","","","3/17/25","PDR Isolates/Swordfern Roots","growing, secondary","","","unknown","no","PARPHV8","","1 Root","2/17/25","figgywiggums","https://www.inaturalist.org/observations/262024701","Morganmarsh Ln W, Seabeck, WA, US",47.55689,-122.88,"Polystichum munitum","western sword fern","Poor","Collapse of Some Fronds",60,"Rural","Low - fairly natural, not much development","Upland or well drained","Forest edge","Riverbank",70,"No there are not any new plants","seabeck site 4","","Fern 1","","FHL0621","","","Field","Root","Sword Fern Mortalilty","Sword Fern Field Samples","","5/28/26","Qiagen PlantPro","2.24","","6/11/26","","","",NA,"","","","","",NA,"",NA,"","","","","","FZJ057","1 Root","2/17/25","figgywiggums","https://www.inaturalist.org/observations/262024701","Morganmarsh Ln W, Seabeck, WA, US",47.55689,-122.88,"Polystichum munitum","western sword fern","Poor","Collapse of Some Fronds",60,"Rural","Low - fairly natural, not much development","Upland or well drained","Forest edge","Riverbank",70,"No there are not any new plants","seabeck site 4","","Fern 1",""
"94","FZJ057-1 Soil","4/10/25","","","","","","","","","","","1 Soil","2/17/25","figgywiggums","https://www.inaturalist.org/observations/262024701","Morganmarsh Ln W, Seabeck, WA, US",47.55689,-122.88,"Polystichum munitum","western sword fern","Poor","Collapse of Some Fronds",60,"Rural","Low - fairly natural, not much development","Upland or well drained","Forest edge","Riverbank",70,"No there are not any new plants","seabeck site 4","","Fern 1","",NA,NA,NA,NA,NA,NA,NA,NA,NA,NA,NA,NA,NA,NA,NA,NA,NA,NA,NA,NA,NA,NA,NA,NA,NA,NA,NA,NA,NA,NA,"FZJ057","1 Soil","2/17/25","figgywiggums","https://www.inaturalist.org/observations/262024701","Morganmarsh Ln W, Seabeck, WA, US",47.55689,-122.88,"Polystichum munitum","western sword fern","Poor","Collapse of Some Fronds",60,"Rural","Low - fairly natural, not much development","Upland or well drained","Forest edge","Riverbank",70,"No there are not any new plants","seabeck site 4","","Fern 1",""
"95","FZJ057-2 Root","","","3/17/25","Clean oomycetes on V8","final","","","unknown","N/A","V8","Clean oomycetes on V8","2 Root","2/17/25","figgywiggums","https://www.inaturalist.org/observations/262024701","Morganmarsh Ln W, Seabeck, WA, US",47.55689,-122.88,"Polystichum munitum","western sword fern","Poor","Collapse of Some Fronds",60,"Rural","Low - fairly natural, not much development","Upland or well drained","Forest edge","Riverbank",70,"No there are not any new plants","seabeck site 4","","Fern 1","",NA,NA,NA,NA,NA,NA,NA,NA,NA,NA,NA,NA,NA,NA,NA,NA,NA,NA,NA,NA,NA,NA,NA,NA,NA,NA,NA,NA,NA,NA,"FZJ057","2 Root","2/17/25","figgywiggums","https://www.inaturalist.org/observations/262024701","Morganmarsh Ln W, Seabeck, WA, US",47.55689,-122.88,"Polystichum munitum","western sword fern","Poor","Collapse of Some Fronds",60,"Rural","Low - fairly natural, not much development","Upland or well drained","Forest edge","Riverbank",70,"No there are not any new plants","seabeck site 4","","Fern 1",""
"96","FZJ058-1 Soil","","4/30/25","4/18/25","V8 Broth Racks & Soil Swordfern Isolates","final","","","Mortierella","yes","V8B","","1 Soil","2/17/25","figgywiggums","https://www.inaturalist.org/observations/262024701","Morganmarsh Ln W, Seabeck, WA, US",47.55689,-122.88,"Polystichum munitum","western sword fern","Poor","Collapse of Some Fronds",60,"Rural","Low - fairly natural, not much development","Upland or well drained","Forest edge","Riverbank",70,"No there are not any new plants","seabeck site 4","","Fern 2","","FHL0147","FZJ058","1","Field","Soil","Sword Fern Mortalilty","Sword Fern Field Samples","","4/30/25","Prepman","11.9","low quality sequence","6/10/25","","y","Y",NA,"","","","","Oomycete",NA,"Pythium",NA,"","","","","Pythium sp.","FZJ058","1 Soil","2/17/25","figgywiggums","https://www.inaturalist.org/observations/262024701","Morganmarsh Ln W, Seabeck, WA, US",47.55689,-122.88,"Polystichum munitum","western sword fern","Poor","Collapse of Some Fronds",60,"Rural","Low - fairly natural, not much development","Upland or well drained","Forest edge","Riverbank",70,"No there are not any new plants","seabeck site 4","","Fern 2",""
"97","FZJ059-1 Soil","","","","","","","","","","","","1 Soil","2/17/25","figgywiggums","https://www.inaturalist.org/observations/262024701","Morganmarsh Ln W, Seabeck, WA, US",47.55689,-122.88,"Polystichum munitum","western sword fern","Poor","Collapse of Some Fronds",60,"Rural","Low - fairly natural, not much development","Upland or well drained","Forest edge","Riverbank",70,"No there are not any new plants","seabeck site 4","","Fern 3","",NA,NA,NA,NA,NA,NA,NA,NA,NA,NA,NA,NA,NA,NA,NA,NA,NA,NA,NA,NA,NA,NA,NA,NA,NA,NA,NA,NA,NA,NA,"FZJ059","1 Soil","2/17/25","figgywiggums","https://www.inaturalist.org/observations/262024701","Morganmarsh Ln W, Seabeck, WA, US",47.55689,-122.88,"Polystichum munitum","western sword fern","Poor","Collapse of Some Fronds",60,"Rural","Low - fairly natural, not much development","Upland or well drained","Forest edge","Riverbank",70,"No there are not any new plants","seabeck site 4","","Fern 3",""
"98","FZJ060-1 Root","","4/2/25","3/17/25","Clean oomycetes on V8","final","","","Mortierella","N/A","V8","Clean oomycetes on V8","1 Root","2/17/25","figgywiggums","https://www.inaturalist.org/observations/262024825","Morganmarsh Ln W, Seabeck, WA, US",47.55657,-122.88,"Polystichum munitum","western sword fern","Poor","Multiple Symptoms (Please describe in Notes)",75,"Rural","Low - fairly natural, not much development","Upland or well drained","Inside a forest canopy","Middle of a slope",80,"No there are not any new plants","seabeck site 5","","Fern 1","","FHL0624","","","Field","Root","Sword Fern Mortalilty","Sword Fern Field Samples","","5/28/26","Qiagen PlantPro","2.27","","6/11/26","","","",NA,"","","","","",NA,"",NA,"","","","","","FZJ060","1 Root","2/17/25","figgywiggums","https://www.inaturalist.org/observations/262024825","Morganmarsh Ln W, Seabeck, WA, US",47.55657,-122.88,"Polystichum munitum","western sword fern","Poor","Multiple Symptoms (Please describe in Notes)",75,"Rural","Low - fairly natural, not much development","Upland or well drained","Inside a forest canopy","Middle of a slope",80,"No there are not any new plants","seabeck site 5","","Fern 1",""
"99","FZJ060-1 Soil","","4/30/25","4/18/25","V8 Broth Racks & Soil Swordfern Isolates","final","Y","","Mortierella","yes","V8B","","1 Soil","2/17/25","figgywiggums","https://www.inaturalist.org/observations/262024825","Morganmarsh Ln W, Seabeck, WA, US",47.55657,-122.88,"Polystichum munitum","western sword fern","Poor","Multiple Symptoms (Please describe in Notes)",75,"Rural","Low - fairly natural, not much development","Upland or well drained","Inside a forest canopy","Middle of a slope",80,"No there are not any new plants","seabeck site 5","","Fern 1","","FHL0148","FZJ060","1","Field","Soil","Sword Fern Mortalilty","Sword Fern Field Samples","","4/30/25","Prepman","3.83","","5/20/25","","y","Y",NA,"","","","","Fungi",NA,"Fungal",NA,"","","","","","FZJ060","1 Soil","2/17/25","figgywiggums","https://www.inaturalist.org/observations/262024825","Morganmarsh Ln W, Seabeck, WA, US",47.55657,-122.88,"Polystichum munitum","western sword fern","Poor","Multiple Symptoms (Please describe in Notes)",75,"Rural","Low - fairly natural, not much development","Upland or well drained","Inside a forest canopy","Middle of a slope",80,"No there are not any new plants","seabeck site 5","","Fern 1",""
"100","FZJ060-2 root","","","3/17/25","Clean oomycetes on V8","final","","","unknown","N/A","V8","Clean oomycetes on V8","2 root","2/17/25","figgywiggums","https://www.inaturalist.org/observations/262024825","Morganmarsh Ln W, Seabeck, WA, US",47.55657,-122.88,"Polystichum munitum","western sword fern","Poor","Multiple Symptoms (Please describe in Notes)",75,"Rural","Low - fairly natural, not much development","Upland or well drained","Inside a forest canopy","Middle of a slope",80,"No there are not any new plants","seabeck site 5","","Fern 1","",NA,NA,NA,NA,NA,NA,NA,NA,NA,NA,NA,NA,NA,NA,NA,NA,NA,NA,NA,NA,NA,NA,NA,NA,NA,NA,NA,NA,NA,NA,"FZJ060","2 root","2/17/25","figgywiggums","https://www.inaturalist.org/observations/262024825","Morganmarsh Ln W, Seabeck, WA, US",47.55657,-122.88,"Polystichum munitum","western sword fern","Poor","Multiple Symptoms (Please describe in Notes)",75,"Rural","Low - fairly natural, not much development","Upland or well drained","Inside a forest canopy","Middle of a slope",80,"No there are not any new plants","seabeck site 5","","Fern 1",""
"101","FZJ060-2 Soil","","","4/22/25","Soil Swordfern Isolates on PARPHV8","secondary","","","Mortierella","no","PARPHV8","","2 Soil","2/17/25","figgywiggums","https://www.inaturalist.org/observations/262024825","Morganmarsh Ln W, Seabeck, WA, US",47.55657,-122.88,"Polystichum munitum","western sword fern","Poor","Multiple Symptoms (Please describe in Notes)",75,"Rural","Low - fairly natural, not much development","Upland or well drained","Inside a forest canopy","Middle of a slope",80,"No there are not any new plants","seabeck site 5","","Fern 1","","FHL0241","FZJ060","2","Field","Soil","Sword Fern Mortalilty","Sword Fern Field Samples","","6/4/25","Prepman","0.677","","6/12/25","","","Y",NA,"","","","","Fungi",NA,"Fungal",NA,"","","","","","FZJ060","2 Soil","2/17/25","figgywiggums","https://www.inaturalist.org/observations/262024825","Morganmarsh Ln W, Seabeck, WA, US",47.55657,-122.88,"Polystichum munitum","western sword fern","Poor","Multiple Symptoms (Please describe in Notes)",75,"Rural","Low - fairly natural, not much development","Upland or well drained","Inside a forest canopy","Middle of a slope",80,"No there are not any new plants","seabeck site 5","","Fern 1",""
"102","FZJ060-3 Root","","4/30/25","3/17/25","Clean oomycetes on V8","final","","","unknown","N/A","V8","Clean oomycetes on V8","3 Root","2/17/25","figgywiggums","https://www.inaturalist.org/observations/262024825","Morganmarsh Ln W, Seabeck, WA, US",47.55657,-122.88,"Polystichum munitum","western sword fern","Poor","Multiple Symptoms (Please describe in Notes)",75,"Rural","Low - fairly natural, not much development","Upland or well drained","Inside a forest canopy","Middle of a slope",80,"No there are not any new plants","seabeck site 5","","Fern 1","","N/A","FZJ060","3","Field","Root","Sword Fern Mortalilty","Sword Fern Field Samples","Y","4/30/25","Prepman","","not enough mycelia growth to extract","","","","",NA,"","","","","",NA,"",NA,"","","","","","FZJ060","3 Root","2/17/25","figgywiggums","https://www.inaturalist.org/observations/262024825","Morganmarsh Ln W, Seabeck, WA, US",47.55657,-122.88,"Polystichum munitum","western sword fern","Poor","Multiple Symptoms (Please describe in Notes)",75,"Rural","Low - fairly natural, not much development","Upland or well drained","Inside a forest canopy","Middle of a slope",80,"No there are not any new plants","seabeck site 5","","Fern 1",""
"103","FZJ060-3 Soil","","","4/18/25","V8 Broth Racks & Soil Swordfern Isolates","final","","","Pythium attrantheridium","yes","V8B","","3 Soil","2/17/25","figgywiggums","https://www.inaturalist.org/observations/262024825","Morganmarsh Ln W, Seabeck, WA, US",47.55657,-122.88,"Polystichum munitum","western sword fern","Poor","Multiple Symptoms (Please describe in Notes)",75,"Rural","Low - fairly natural, not much development","Upland or well drained","Inside a forest canopy","Middle of a slope",80,"No there are not any new plants","seabeck site 5","","Fern 1","",NA,NA,NA,NA,NA,NA,NA,NA,NA,NA,NA,NA,NA,NA,NA,NA,NA,NA,NA,NA,NA,NA,NA,NA,NA,NA,NA,NA,NA,NA,"FZJ060","3 Soil","2/17/25","figgywiggums","https://www.inaturalist.org/observations/262024825","Morganmarsh Ln W, Seabeck, WA, US",47.55657,-122.88,"Polystichum munitum","western sword fern","Poor","Multiple Symptoms (Please describe in Notes)",75,"Rural","Low - fairly natural, not much development","Upland or well drained","Inside a forest canopy","Middle of a slope",80,"No there are not any new plants","seabeck site 5","","Fern 1",""
"104","FZJ061-1 Soil","4/10/25","","","","","","","","","","","1 Soil","2/17/25","figgywiggums","https://www.inaturalist.org/observations/262024825","Morganmarsh Ln W, Seabeck, WA, US",47.55657,-122.88,"Polystichum munitum","western sword fern","Poor","Multiple Symptoms (Please describe in Notes)",75,"Rural","Low - fairly natural, not much development","Upland or well drained","Inside a forest canopy","Middle of a slope",80,"No there are not any new plants","seabeck site 5","","Fern 2","",NA,NA,NA,NA,NA,NA,NA,NA,NA,NA,NA,NA,NA,NA,NA,NA,NA,NA,NA,NA,NA,NA,NA,NA,NA,NA,NA,NA,NA,NA,"FZJ061","1 Soil","2/17/25","figgywiggums","https://www.inaturalist.org/observations/262024825","Morganmarsh Ln W, Seabeck, WA, US",47.55657,-122.88,"Polystichum munitum","western sword fern","Poor","Multiple Symptoms (Please describe in Notes)",75,"Rural","Low - fairly natural, not much development","Upland or well drained","Inside a forest canopy","Middle of a slope",80,"No there are not any new plants","seabeck site 5","","Fern 2",""
"105","FZJ063-1 Soil","","4/30/25","4/18/25","V8 Broth Racks & Soil Swordfern Isolates","final","","","Pythium attrantheridium","yes","V8B","","1 Soil","2/17/25","figgywiggums","https://www.inaturalist.org/observations/262172745","Morganmarsh Ln W, Seabeck, WA, US",47.55661,-122.88,"Polystichum munitum","western sword fern","Dead","Dead",100,"Rural","Low - fairly natural, not much development","Upland or well drained","Forest edge","Middle of a slope",85,"Yes there are new plants","seabeck site 6","","Fern 1","","FHL0149","FZJ063","1","Field","Soil","Sword Fern Mortalilty","Sword Fern Field Samples","","4/30/25","Prepman","8.82","","6/10/25","","y","Y",NA,"","Pythium attrantheridium","","Pythium","Oomycete",NA,"Pythium",NA,"","","","","Pythium sp.","FZJ063","1 Soil","2/17/25","figgywiggums","https://www.inaturalist.org/observations/262172745","Morganmarsh Ln W, Seabeck, WA, US",47.55661,-122.88,"Polystichum munitum","western sword fern","Dead","Dead",100,"Rural","Low - fairly natural, not much development","Upland or well drained","Forest edge","Middle of a slope",85,"Yes there are new plants","seabeck site 6","","Fern 1",""
"106","FZJ065-1 Soil","","4/30/25","4/18/25","V8 Broth Racks & Soil Swordfern Isolates","final","","","Globisporangium debaryanum","yes","V8B","","1 Soil","2/17/25","figgywiggums","https://www.inaturalist.org/observations/262172745","Morganmarsh Ln W, Seabeck, WA, US",47.55661,-122.88,"Polystichum munitum","western sword fern","Dead","Dead",100,"Rural","Low - fairly natural, not much development","Upland or well drained","Forest edge","Middle of a slope",85,"Yes there are new plants","seabeck site 6","","Fern 3","","FHL0150","FZJ065","1","Field","Soil","Sword Fern Mortalilty","Sword Fern Field Samples","","4/30/25","Prepman","4.41","","6/10/25","","y","Y",NA,"","Globisporangium debaryanum","","Globisporangium","Oomycete",NA,"Pythium",NA,"","","","","Pythium sp.","FZJ065","1 Soil","2/17/25","figgywiggums","https://www.inaturalist.org/observations/262172745","Morganmarsh Ln W, Seabeck, WA, US",47.55661,-122.88,"Polystichum munitum","western sword fern","Dead","Dead",100,"Rural","Low - fairly natural, not much development","Upland or well drained","Forest edge","Middle of a slope",85,"Yes there are new plants","seabeck site 6","","Fern 3",""
"107","FZJ066-1 Soil","","4/30/25","4/18/25","V8 Broth Racks & Soil Swordfern Isolates","final","Y","","Phytophthora plurivora","yes","V8B",".","1 Soil","2/10/25","imontejano05","https://www.inaturalist.org/observations/261273420","Four Hundred Sixty-Second Street East, Eatonville, WA, US",46.8485,-122.297,"Polystichum munitum","western sword fern","Dead","Collapse of All Fronds",100,"Rural","Medium (moderately used trails, etc)","No Selection","No Selection","No selection",35,"Yes there are new plants","Mashel Falls, Site 1, Fern 1","","Dead","***NOTE: While trying to download the iNat data ferns 2-3 didn't upload. I had to turn on the projecct again and the information was there, but once I uploaded it it all deleted so I am using Fern 1 conditions for all ferns like we would when just doing full site descriptions but using the photos to find dieback percetn","FHL0151","FZJ066","1","Field","Soil","Sword Fern Mortalilty","Sword Fern Field Samples","","4/30/25","Prepman","0.919","","5/20/25","","y","Y",NA,"","Phytophthora plurivora","","Phytophthora","Oomycete",NA,"Phytophthora",2,"Phytophthora plurivora","","P. plurivora","Phytophthora plurivora","Phytophthora plurivora","FZJ066","1 Soil","2/10/25","imontejano05","https://www.inaturalist.org/observations/261273420","Four Hundred Sixty-Second Street East, Eatonville, WA, US",46.8485,-122.297,"Polystichum munitum","western sword fern","Dead","Collapse of All Fronds",100,"Rural","Medium (moderately used trails, etc)","No Selection","No Selection","No selection",35,"Yes there are new plants","Mashel Falls, Site 1, Fern 1","","Dead","***NOTE: While trying to download the iNat data ferns 2-3 didn't upload. I had to turn on the projecct again and the information was there, but once I uploaded it it all deleted so I am using Fern 1 conditions for all ferns like we would when just doing full site descriptions but using the photos to find dieback percetn"
"108","FZJ066-2 Soil","","4/30/25","4/18/25","V8 Broth Racks & Soil Swordfern Isolates","final","Y","","Phytophthora cactorum","yes","V8B",".","2 Soil","2/10/25","imontejano05","https://www.inaturalist.org/observations/261273420","Four Hundred Sixty-Second Street East, Eatonville, WA, US",46.8485,-122.297,"Polystichum munitum","western sword fern","Dead","Collapse of All Fronds",100,"Rural","Medium (moderately used trails, etc)","No Selection","No Selection","No selection",35,"Yes there are new plants","Mashel Falls, Site 1, Fern 1","","Dead","***NOTE: While trying to download the iNat data ferns 2-3 didn't upload. I had to turn on the projecct again and the information was there, but once I uploaded it it all deleted so I am using Fern 1 conditions for all ferns like we would when just doing full site descriptions but using the photos to find dieback percetn","FHL0152","FZJ066","2","Field","Soil","Sword Fern Mortalilty","Sword Fern Field Samples","","4/30/25","Prepman","1.54","","5/20/25","","y","Y",NA,"","Phytophthora cactorum","","Phytophthora","Oomycete",NA,"Phytophthora",1,"Phytophthora cactorum","","P. alpina","Phytophthora alpina","Phytophthora alpina","FZJ066","2 Soil","2/10/25","imontejano05","https://www.inaturalist.org/observations/261273420","Four Hundred Sixty-Second Street East, Eatonville, WA, US",46.8485,-122.297,"Polystichum munitum","western sword fern","Dead","Collapse of All Fronds",100,"Rural","Medium (moderately used trails, etc)","No Selection","No Selection","No selection",35,"Yes there are new plants","Mashel Falls, Site 1, Fern 1","","Dead","***NOTE: While trying to download the iNat data ferns 2-3 didn't upload. I had to turn on the projecct again and the information was there, but once I uploaded it it all deleted so I am using Fern 1 conditions for all ferns like we would when just doing full site descriptions but using the photos to find dieback percetn"
"109","FZJ067-1 Soil","","4/30/25","4/18/25","V8 Broth Racks & Soil Swordfern Isolates","final","","","Pythium attrantheridium","yes","V8B","","1 Soil","2/21/25","imontejano05","https://www.inaturalist.org/observations/262595020","SE 158th St, Issaquah, WA, US",47.46098487,-121.9876788,"Polystichum munitum","western sword fern","Good","Browning fronds",2,"Rural","Low - fairly natural, not much development","Upland or well drained","Forest edge","Top of slope",2,"No there are not any new plants","Issaquah Site 1 Fern 1","","Healthy","","FHL0153","FZJ067","1","Field","Soil","Sword Fern Mortalilty","Sword Fern Field Samples","","4/30/25","Prepman","6.35","","6/10/25","","y","Y",NA,"","Pythium attrantheridium","","Pythium","Oomycete",NA,"Pythium",NA,"Pythium attrantheridium","","","","Pythium sp.","FZJ067","1 Soil","2/21/25","imontejano05","https://www.inaturalist.org/observations/262595020","SE 158th St, Issaquah, WA, US",47.46098487,-121.9876788,"Polystichum munitum","western sword fern","Good","Browning fronds",2,"Rural","Low - fairly natural, not much development","Upland or well drained","Forest edge","Top of slope",2,"No there are not any new plants","Issaquah Site 1 Fern 1","","Healthy",""
"110","FZJ068-1 Root","","4/30/25","3/17/25","Clean oomycetes on V8","final","","","Pythium attrantheridium","N/A","V8","Clean oomycetes on V8","1 Root","2/21/25","imontejano05","https://www.inaturalist.org/observations/262595020","SE 158th St, Issaquah, WA, US",47.46098487,-121.9876788,"Polystichum munitum","western sword fern","Good","Browning fronds",2,"Rural","Low - fairly natural, not much development","Upland or well drained","Forest edge","Top of slope",2,"No there are not any new plants","Issaquah Site 1 Fern 2","","Healthy","","FHL0154","FZJ068","1","Field","Root","Sword Fern Mortalilty","Sword Fern Field Samples","Y","4/30/25","Prepman","5.91","","5/8/2025, 5/16/25, 5/22/25","","y","Y",NA,"","Pythium attrantheridium","","Pythium","Oomycete",NA,"Pythium",NA,"Globisporangium intermedium","","","","Pythium sp.","FZJ068","1 Root","2/21/25","imontejano05","https://www.inaturalist.org/observations/262595020","SE 158th St, Issaquah, WA, US",47.46098487,-121.9876788,"Polystichum munitum","western sword fern","Good","Browning fronds",2,"Rural","Low - fairly natural, not much development","Upland or well drained","Forest edge","Top of slope",2,"No there are not any new plants","Issaquah Site 1 Fern 2","","Healthy",""
"111","FZJ068-1 Root","","4/30/25","3/17/25","Clean oomycetes on V8","final","","","Pythium attrantheridium","N/A","V8","Clean oomycetes on V8","1 Root","2/21/25","imontejano05","https://www.inaturalist.org/observations/262595020","SE 158th St, Issaquah, WA, US",47.46098487,-121.9876788,"Polystichum munitum","western sword fern","Good","Browning fronds",2,"Rural","Low - fairly natural, not much development","Upland or well drained","Forest edge","Top of slope",2,"No there are not any new plants","Issaquah Site 1 Fern 2","","Healthy","","FHL0474","","","Field","Root","Sword Fern Mortalilty","Sword Fern Field Samples","","5/20/26","Qiagen PlantPro","1.83","","6/10/26","","","",NA,"","","","","",NA,"",NA,"","","","","","FZJ068","1 Root","2/21/25","imontejano05","https://www.inaturalist.org/observations/262595020","SE 158th St, Issaquah, WA, US",47.46098487,-121.9876788,"Polystichum munitum","western sword fern","Good","Browning fronds",2,"Rural","Low - fairly natural, not much development","Upland or well drained","Forest edge","Top of slope",2,"No there are not any new plants","Issaquah Site 1 Fern 2","","Healthy",""
"112","FZJ068-1 Soil","","4/30/25","4/18/25","V8 Broth Racks & Soil Swordfern Isolates","final","","","unknown","yes","V8B","","1 Soil","2/21/25","imontejano05","https://www.inaturalist.org/observations/262595020","SE 158th St, Issaquah, WA, US",47.46098487,-121.9876788,"Polystichum munitum","western sword fern","Good","Browning fronds",2,"Rural","Low - fairly natural, not much development","Upland or well drained","Forest edge","Top of slope",2,"No there are not any new plants","Issaquah Site 1 Fern 2","","Healthy","","N/A","FZJ068","1","Field","Soil","Sword Fern Mortalilty","Sword Fern Field Samples","","4/30/25","Prepman","","not enough mycelia growth to extract","","","","",NA,"","","","","",NA,"",NA,"","","","","","FZJ068","1 Soil","2/21/25","imontejano05","https://www.inaturalist.org/observations/262595020","SE 158th St, Issaquah, WA, US",47.46098487,-121.9876788,"Polystichum munitum","western sword fern","Good","Browning fronds",2,"Rural","Low - fairly natural, not much development","Upland or well drained","Forest edge","Top of slope",2,"No there are not any new plants","Issaquah Site 1 Fern 2","","Healthy",""
"113","FZJ068-2 Root","","4/2/25","3/17/25","Clean oomycetes on V8","final","","","Mortierella","N/A","V8","Clean oomycetes on V8","2 Root","2/21/25","imontejano05","https://www.inaturalist.org/observations/262595020","SE 158th St, Issaquah, WA, US",47.46098487,-121.9876788,"Polystichum munitum","western sword fern","Good","Browning fronds",2,"Rural","Low - fairly natural, not much development","Upland or well drained","Forest edge","Top of slope",2,"No there are not any new plants","Issaquah Site 1 Fern 2","","Healthy","",NA,NA,NA,NA,NA,NA,NA,NA,NA,NA,NA,NA,NA,NA,NA,NA,NA,NA,NA,NA,NA,NA,NA,NA,NA,NA,NA,NA,NA,NA,"FZJ068","2 Root","2/21/25","imontejano05","https://www.inaturalist.org/observations/262595020","SE 158th St, Issaquah, WA, US",47.46098487,-121.9876788,"Polystichum munitum","western sword fern","Good","Browning fronds",2,"Rural","Low - fairly natural, not much development","Upland or well drained","Forest edge","Top of slope",2,"No there are not any new plants","Issaquah Site 1 Fern 2","","Healthy",""
"114","FZJ068-3 Root","","4/30/25","3/17/25","Clean oomycetes on V8","final","Y","","Mortierella","N/A","V8","Clean oomycetes on V8","3 Root","2/21/25","imontejano05","https://www.inaturalist.org/observations/262595020","SE 158th St, Issaquah, WA, US",47.46098487,-121.9876788,"Polystichum munitum","western sword fern","Good","Browning fronds",2,"Rural","Low - fairly natural, not much development","Upland or well drained","Forest edge","Top of slope",2,"No there are not any new plants","Issaquah Site 1 Fern 2","","Healthy","","FHL0155","FZJ068","3","Field","Root","Sword Fern Mortalilty","Sword Fern Field Samples","Y","4/30/25","Prepman","5.51","","5/8/2025, 5/16/25","","y","Y",NA,"","","","","Fungi",NA,"Fungal",NA,"","","","","","FZJ068","3 Root","2/21/25","imontejano05","https://www.inaturalist.org/observations/262595020","SE 158th St, Issaquah, WA, US",47.46098487,-121.9876788,"Polystichum munitum","western sword fern","Good","Browning fronds",2,"Rural","Low - fairly natural, not much development","Upland or well drained","Forest edge","Top of slope",2,"No there are not any new plants","Issaquah Site 1 Fern 2","","Healthy",""
"115","FZJ068-3 Soil","","","4/18/25","V8 Broth Racks & Soil Swordfern Isolates","final","","","Mortierella","yes","V8B","","3 Soil","2/21/25","imontejano05","https://www.inaturalist.org/observations/262595020","SE 158th St, Issaquah, WA, US",47.46098487,-121.9876788,"Polystichum munitum","western sword fern","Good","Browning fronds",2,"Rural","Low - fairly natural, not much development","Upland or well drained","Forest edge","Top of slope",2,"No there are not any new plants","Issaquah Site 1 Fern 2","","Healthy","",NA,NA,NA,NA,NA,NA,NA,NA,NA,NA,NA,NA,NA,NA,NA,NA,NA,NA,NA,NA,NA,NA,NA,NA,NA,NA,NA,NA,NA,NA,"FZJ068","3 Soil","2/21/25","imontejano05","https://www.inaturalist.org/observations/262595020","SE 158th St, Issaquah, WA, US",47.46098487,-121.9876788,"Polystichum munitum","western sword fern","Good","Browning fronds",2,"Rural","Low - fairly natural, not much development","Upland or well drained","Forest edge","Top of slope",2,"No there are not any new plants","Issaquah Site 1 Fern 2","","Healthy",""
"116","FZJ069-1 Soil","4/14/25","","4/22/25","Soil Swordfern Isolates on PARPHV8","secondary","Y","","Phytophthora pseudosyringae","no","PARPHV8","","1 Soil","2/21/25","imontejano05","https://www.inaturalist.org/observations/262595020","SE 158th St, Issaquah, WA, US",47.46098487,-121.9876788,"Polystichum munitum","western sword fern","Good","Browning fronds",2,"Rural","Low - fairly natural, not much development","Upland or well drained","Forest edge","Top of slope",2,"No there are not any new plants","Issaquah Site 1 Fern 3","","Healthy","","FHL0227","FZJ069","1","Field","Soil","Sword Fern Mortalilty","Sword Fern Field Samples","","6/4/25","Prepman","0.515","","6/12/25","","y","Y",NA,"","Phytophthora pseudosyringae","","Phytophthora","Oomycete",NA,"Phytophthora",3,"Phytophthora pseudosyringae","","P. pseudosyringae","Phytophthora pseudosyringae","Phytophthora pseudosyringae","FZJ069","1 Soil","2/21/25","imontejano05","https://www.inaturalist.org/observations/262595020","SE 158th St, Issaquah, WA, US",47.46098487,-121.9876788,"Polystichum munitum","western sword fern","Good","Browning fronds",2,"Rural","Low - fairly natural, not much development","Upland or well drained","Forest edge","Top of slope",2,"No there are not any new plants","Issaquah Site 1 Fern 3","","Healthy",""
"117","FZJ070-1 Root","","4/2/25","3/17/25","Clean oomycetes on V8","final","","","Unknown, low quality sequence","N/A","V8","Clean oomycetes on V8","1 Root","2/21/25","imontejano05","https://www.inaturalist.org/observations/262597872","SE 158th St, Issaquah, WA, US",47.46083457,-121.9877535,"Polystichum munitum","western sword fern","Good","Healthy",0,"Rural","Low - fairly natural, not much development","Upland or well drained","Forest edge","Middle of a slope",1,"No there are not any new plants","Issaquah Site 2 Fern 1","Yes","Healthy","","FHL0475","","","Field","Root","Sword Fern Mortalilty","Sword Fern Field Samples","","5/20/26","Qiagen PlantPro","0.986","","6/10/26","","","",NA,"","","","","",NA,"",NA,"","","","","","FZJ070","1 Root","2/21/25","imontejano05","https://www.inaturalist.org/observations/262597872","SE 158th St, Issaquah, WA, US",47.46083457,-121.9877535,"Polystichum munitum","western sword fern","Good","Healthy",0,"Rural","Low - fairly natural, not much development","Upland or well drained","Forest edge","Middle of a slope",1,"No there are not any new plants","Issaquah Site 2 Fern 1","Yes","Healthy",""
"118","FZJ070-1 Soil","","4/30/25","4/18/25","V8 Broth Racks & Soil Swordfern Isolates","final","Y","","Phytophthora plurivora","yes","V8B",".","1 Soil","2/21/25","imontejano05","https://www.inaturalist.org/observations/262597872","SE 158th St, Issaquah, WA, US",47.46083457,-121.9877535,"Polystichum munitum","western sword fern","Good","Healthy",0,"Rural","Low - fairly natural, not much development","Upland or well drained","Forest edge","Middle of a slope",1,"No there are not any new plants","Issaquah Site 2 Fern 1","Yes","Healthy","","FHL0156","FZJ070","1","Field","Soil","Sword Fern Mortalilty","Sword Fern Field Samples","","4/30/25","Prepman","1.85","","5/22/25","","y","Y",NA,"","Phytophthora plurivora","","Phytophthora","Oomycete",NA,"Phytophthora",2,"Phytophthora plurivora","","P. plurivora","Phytophthora plurivora","Phytophthora plurivora","FZJ070","1 Soil","2/21/25","imontejano05","https://www.inaturalist.org/observations/262597872","SE 158th St, Issaquah, WA, US",47.46083457,-121.9877535,"Polystichum munitum","western sword fern","Good","Healthy",0,"Rural","Low - fairly natural, not much development","Upland or well drained","Forest edge","Middle of a slope",1,"No there are not any new plants","Issaquah Site 2 Fern 1","Yes","Healthy",""
"119","FZJ070-2 Root","","4/2/25","3/17/25","Clean oomycetes on V8","final","","","Mortierella","N/A","V8","Clean oomycetes on V8","2 Root","2/21/25","imontejano05","https://www.inaturalist.org/observations/262597872","SE 158th St, Issaquah, WA, US",47.46083457,-121.9877535,"Polystichum munitum","western sword fern","Good","Healthy",0,"Rural","Low - fairly natural, not much development","Upland or well drained","Forest edge","Middle of a slope",1,"No there are not any new plants","Issaquah Site 2 Fern 1","Yes","Healthy","",NA,NA,NA,NA,NA,NA,NA,NA,NA,NA,NA,NA,NA,NA,NA,NA,NA,NA,NA,NA,NA,NA,NA,NA,NA,NA,NA,NA,NA,NA,"FZJ070","2 Root","2/21/25","imontejano05","https://www.inaturalist.org/observations/262597872","SE 158th St, Issaquah, WA, US",47.46083457,-121.9877535,"Polystichum munitum","western sword fern","Good","Healthy",0,"Rural","Low - fairly natural, not much development","Upland or well drained","Forest edge","Middle of a slope",1,"No there are not any new plants","Issaquah Site 2 Fern 1","Yes","Healthy",""
"120","FZJ070-2 Soil","","","4/22/25","Soil Swordfern Isolates on PARPHV8","secondary","","","unknown","no","PARPHV8","","2 Soil","2/21/25","imontejano05","https://www.inaturalist.org/observations/262597872","SE 158th St, Issaquah, WA, US",47.46083457,-121.9877535,"Polystichum munitum","western sword fern","Good","Healthy",0,"Rural","Low - fairly natural, not much development","Upland or well drained","Forest edge","Middle of a slope",1,"No there are not any new plants","Issaquah Site 2 Fern 1","Yes","Healthy","",NA,NA,NA,NA,NA,NA,NA,NA,NA,NA,NA,NA,NA,NA,NA,NA,NA,NA,NA,NA,NA,NA,NA,NA,NA,NA,NA,NA,NA,NA,"FZJ070","2 Soil","2/21/25","imontejano05","https://www.inaturalist.org/observations/262597872","SE 158th St, Issaquah, WA, US",47.46083457,-121.9877535,"Polystichum munitum","western sword fern","Good","Healthy",0,"Rural","Low - fairly natural, not much development","Upland or well drained","Forest edge","Middle of a slope",1,"No there are not any new plants","Issaquah Site 2 Fern 1","Yes","Healthy",""
"121","FZJ071-1 Soil","4/11/25","4/30/25","4/18/25","V8 Broth Racks & Soil Swordfern Isolates","final","","Group 9","Pythium attrantheridium","yes","V8B","","1 Soil","2/21/25","imontejano05","https://www.inaturalist.org/observations/262597872","SE 158th St, Issaquah, WA, US",47.46083457,-121.9877535,"Polystichum munitum","western sword fern","Good","Healthy",0,"Rural","Low - fairly natural, not much development","Upland or well drained","Forest edge","Middle of a slope",1,"No there are not any new plants","Issaquah Site 2 Fern 2","","Healthy","","FHL0157","FZJ071","1","Field","Soil","Sword Fern Mortalilty","Sword Fern Field Samples","","4/30/25","Prepman","6.72","","6/10/25","","y","Y",NA,"","Pythium attrantheridium","","Pythium","Oomycete",NA,"Pythium",NA,"Pythium attrantheridium","","","","Pythium sp.","FZJ071","1 Soil","2/21/25","imontejano05","https://www.inaturalist.org/observations/262597872","SE 158th St, Issaquah, WA, US",47.46083457,-121.9877535,"Polystichum munitum","western sword fern","Good","Healthy",0,"Rural","Low - fairly natural, not much development","Upland or well drained","Forest edge","Middle of a slope",1,"No there are not any new plants","Issaquah Site 2 Fern 2","","Healthy",""
"122","FZJ073-1 Root","","4/30/25","3/17/25","Clean oomycetes on V8","final","","Group 29","Mortierella","N/A","V8","Clean oomycetes on V8","1 Root","2/21/25","imontejano05","https://www.inaturalist.org/observations/262600866","SE 158th St, Issaquah, WA, US",47.4607238,-121.9878334,"Polystichum munitum","western sword fern","Poor","Browning fronds",45,"Rural","Low - fairly natural, not much development","Upland or well drained","Forest edge","Lower slope",45,"No there are not any new plants","Issaquah Site 3 Fern 1","","Dead/dying site, dying","","FHL0158","FZJ073","1","Field","Root","Sword Fern Mortalilty","Sword Fern Field Samples","Y","4/30/25","Prepman","6.68","","5/8/2025, 5/16/25","","y","Y",NA,"","","","","Fungi",NA,"Fungal",NA,"","","","","","FZJ073","1 Root","2/21/25","imontejano05","https://www.inaturalist.org/observations/262600866","SE 158th St, Issaquah, WA, US",47.4607238,-121.9878334,"Polystichum munitum","western sword fern","Poor","Browning fronds",45,"Rural","Low - fairly natural, not much development","Upland or well drained","Forest edge","Lower slope",45,"No there are not any new plants","Issaquah Site 3 Fern 1","","Dead/dying site, dying",""
"123","FZJ073-1 Root","","4/30/25","3/17/25","Clean oomycetes on V8","final","","Group 29","Mortierella","N/A","V8","Clean oomycetes on V8","1 Root","2/21/25","imontejano05","https://www.inaturalist.org/observations/262600866","SE 158th St, Issaquah, WA, US",47.4607238,-121.9878334,"Polystichum munitum","western sword fern","Poor","Browning fronds",45,"Rural","Low - fairly natural, not much development","Upland or well drained","Forest edge","Lower slope",45,"No there are not any new plants","Issaquah Site 3 Fern 1","","Dead/dying site, dying","","FHL0478","","","Field","Root","Sword Fern Mortalilty","Sword Fern Field Samples","","5/20/26","Qiagen PlantPro","2.53","","6/10/26","","","",NA,"","","","","",NA,"",NA,"","","","","","FZJ073","1 Root","2/21/25","imontejano05","https://www.inaturalist.org/observations/262600866","SE 158th St, Issaquah, WA, US",47.4607238,-121.9878334,"Polystichum munitum","western sword fern","Poor","Browning fronds",45,"Rural","Low - fairly natural, not much development","Upland or well drained","Forest edge","Lower slope",45,"No there are not any new plants","Issaquah Site 3 Fern 1","","Dead/dying site, dying",""
"124","FZJ073-1 Soil","","","4/18/25","V8 Broth Racks & Soil Swordfern Isolates","final","","Group 29","Mortierella","yes","V8B","","1 Soil","2/21/25","imontejano05","https://www.inaturalist.org/observations/262600866","SE 158th St, Issaquah, WA, US",47.4607238,-121.9878334,"Polystichum munitum","western sword fern","Poor","Browning fronds",45,"Rural","Low - fairly natural, not much development","Upland or well drained","Forest edge","Lower slope",45,"No there are not any new plants","Issaquah Site 3 Fern 1","","Dead/dying site, dying","",NA,NA,NA,NA,NA,NA,NA,NA,NA,NA,NA,NA,NA,NA,NA,NA,NA,NA,NA,NA,NA,NA,NA,NA,NA,NA,NA,NA,NA,NA,"FZJ073","1 Soil","2/21/25","imontejano05","https://www.inaturalist.org/observations/262600866","SE 158th St, Issaquah, WA, US",47.4607238,-121.9878334,"Polystichum munitum","western sword fern","Poor","Browning fronds",45,"Rural","Low - fairly natural, not much development","Upland or well drained","Forest edge","Lower slope",45,"No there are not any new plants","Issaquah Site 3 Fern 1","","Dead/dying site, dying",""
"125","FZJ073-2 Root","","","3/17/25","Clean oomycetes on V8","final","","Group 29","Mortierella","N/A","V8","Clean oomycetes on V8","2 Root","2/21/25","imontejano05","https://www.inaturalist.org/observations/262600866","SE 158th St, Issaquah, WA, US",47.4607238,-121.9878334,"Polystichum munitum","western sword fern","Poor","Browning fronds",45,"Rural","Low - fairly natural, not much development","Upland or well drained","Forest edge","Lower slope",45,"No there are not any new plants","Issaquah Site 3 Fern 1","","Dead/dying site, dying","",NA,NA,NA,NA,NA,NA,NA,NA,NA,NA,NA,NA,NA,NA,NA,NA,NA,NA,NA,NA,NA,NA,NA,NA,NA,NA,NA,NA,NA,NA,"FZJ073","2 Root","2/21/25","imontejano05","https://www.inaturalist.org/observations/262600866","SE 158th St, Issaquah, WA, US",47.4607238,-121.9878334,"Polystichum munitum","western sword fern","Poor","Browning fronds",45,"Rural","Low - fairly natural, not much development","Upland or well drained","Forest edge","Lower slope",45,"No there are not any new plants","Issaquah Site 3 Fern 1","","Dead/dying site, dying",""
"126","FZJ073-2 Soil","","","4/18/25","V8 Broth Racks & Soil Swordfern Isolates","final","","","unknown","yes","V8B","","2 Soil","2/21/25","imontejano05","https://www.inaturalist.org/observations/262600866","SE 158th St, Issaquah, WA, US",47.4607238,-121.9878334,"Polystichum munitum","western sword fern","Poor","Browning fronds",45,"Rural","Low - fairly natural, not much development","Upland or well drained","Forest edge","Lower slope",45,"No there are not any new plants","Issaquah Site 3 Fern 1","","Dead/dying site, dying","",NA,NA,NA,NA,NA,NA,NA,NA,NA,NA,NA,NA,NA,NA,NA,NA,NA,NA,NA,NA,NA,NA,NA,NA,NA,NA,NA,NA,NA,NA,"FZJ073","2 Soil","2/21/25","imontejano05","https://www.inaturalist.org/observations/262600866","SE 158th St, Issaquah, WA, US",47.4607238,-121.9878334,"Polystichum munitum","western sword fern","Poor","Browning fronds",45,"Rural","Low - fairly natural, not much development","Upland or well drained","Forest edge","Lower slope",45,"No there are not any new plants","Issaquah Site 3 Fern 1","","Dead/dying site, dying",""
"127","FZJ074-1 Root","","","3/17/25","Clean oomycetes on V8","final","","","Elongisporangium anandrum ","N/A","V8","Clean oomycetes on V8","1 Root","2/21/25","imontejano05","https://www.inaturalist.org/observations/262600866","SE 158th St, Issaquah, WA, US",47.4607238,-121.9878334,"Polystichum munitum","western sword fern","Poor","Browning fronds",45,"Rural","Low - fairly natural, not much development","Upland or well drained","Forest edge","Lower slope",45,"No there are not any new plants","Issaquah Site 3 Fern 2","","Dead/dying site, dying","","FHL0159","FZJ074","1","Field","Root","Sword Fern Mortalilty","Sword Fern Field Samples","Y","4/30/25","Prepman","7.95","","5/8/2025, 5/16/25, 5/22/25","","y","Y",NA,"","Elongisporangium anandrum ","","Elongisporangium","Oomycete",NA,"Pythium",NA,"","","","","Pythium sp.","FZJ074","1 Root","2/21/25","imontejano05","https://www.inaturalist.org/observations/262600866","SE 158th St, Issaquah, WA, US",47.4607238,-121.9878334,"Polystichum munitum","western sword fern","Poor","Browning fronds",45,"Rural","Low - fairly natural, not much development","Upland or well drained","Forest edge","Lower slope",45,"No there are not any new plants","Issaquah Site 3 Fern 2","","Dead/dying site, dying",""
"128","FZJ074-1 Root","","","3/17/25","Clean oomycetes on V8","final","","","Elongisporangium anandrum ","N/A","V8","Clean oomycetes on V8","1 Root","2/21/25","imontejano05","https://www.inaturalist.org/observations/262600866","SE 158th St, Issaquah, WA, US",47.4607238,-121.9878334,"Polystichum munitum","western sword fern","Poor","Browning fronds",45,"Rural","Low - fairly natural, not much development","Upland or well drained","Forest edge","Lower slope",45,"No there are not any new plants","Issaquah Site 3 Fern 2","","Dead/dying site, dying","","FHL0479","","","Field","Root","Sword Fern Mortalilty","Sword Fern Field Samples","","5/20/26","Qiagen PlantPro","1.57","","6/10/26","","","",NA,"","","","","",NA,"",NA,"","","","","","FZJ074","1 Root","2/21/25","imontejano05","https://www.inaturalist.org/observations/262600866","SE 158th St, Issaquah, WA, US",47.4607238,-121.9878334,"Polystichum munitum","western sword fern","Poor","Browning fronds",45,"Rural","Low - fairly natural, not much development","Upland or well drained","Forest edge","Lower slope",45,"No there are not any new plants","Issaquah Site 3 Fern 2","","Dead/dying site, dying",""
"129","FZJ074-1 Root","","4/30/25","4/18/25","V8 Broth Racks & Soil Swordfern Isolates","final","","","Elongisporangium anandrum ","yes","V8B","","1 Root","2/21/25","imontejano05","https://www.inaturalist.org/observations/262600866","SE 158th St, Issaquah, WA, US",47.4607238,-121.9878334,"Polystichum munitum","western sword fern","Poor","Browning fronds",45,"Rural","Low - fairly natural, not much development","Upland or well drained","Forest edge","Lower slope",45,"No there are not any new plants","Issaquah Site 3 Fern 2","","Dead/dying site, dying","","FHL0159","FZJ074","1","Field","Root","Sword Fern Mortalilty","Sword Fern Field Samples","Y","4/30/25","Prepman","7.95","","5/8/2025, 5/16/25, 5/22/25","","y","Y",NA,"","Elongisporangium anandrum ","","Elongisporangium","Oomycete",NA,"Pythium",NA,"","","","","Pythium sp.","FZJ074","1 Root","2/21/25","imontejano05","https://www.inaturalist.org/observations/262600866","SE 158th St, Issaquah, WA, US",47.4607238,-121.9878334,"Polystichum munitum","western sword fern","Poor","Browning fronds",45,"Rural","Low - fairly natural, not much development","Upland or well drained","Forest edge","Lower slope",45,"No there are not any new plants","Issaquah Site 3 Fern 2","","Dead/dying site, dying",""
"130","FZJ074-1 Root","","4/30/25","4/18/25","V8 Broth Racks & Soil Swordfern Isolates","final","","","Elongisporangium anandrum ","yes","V8B","","1 Root","2/21/25","imontejano05","https://www.inaturalist.org/observations/262600866","SE 158th St, Issaquah, WA, US",47.4607238,-121.9878334,"Polystichum munitum","western sword fern","Poor","Browning fronds",45,"Rural","Low - fairly natural, not much development","Upland or well drained","Forest edge","Lower slope",45,"No there are not any new plants","Issaquah Site 3 Fern 2","","Dead/dying site, dying","","FHL0479","","","Field","Root","Sword Fern Mortalilty","Sword Fern Field Samples","","5/20/26","Qiagen PlantPro","1.57","","6/10/26","","","",NA,"","","","","",NA,"",NA,"","","","","","FZJ074","1 Root","2/21/25","imontejano05","https://www.inaturalist.org/observations/262600866","SE 158th St, Issaquah, WA, US",47.4607238,-121.9878334,"Polystichum munitum","western sword fern","Poor","Browning fronds",45,"Rural","Low - fairly natural, not much development","Upland or well drained","Forest edge","Lower slope",45,"No there are not any new plants","Issaquah Site 3 Fern 2","","Dead/dying site, dying",""
"131","FZJ074-1 Soil","4/9/25","4/30/25","4/18/25","V8 Broth Racks & Soil Swordfern Isolates","final","","","Globisporangium debaryanum","yes","V8B","","1 Soil","2/21/25","imontejano05","https://www.inaturalist.org/observations/262600866","SE 158th St, Issaquah, WA, US",47.4607238,-121.9878334,"Polystichum munitum","western sword fern","Poor","Browning fronds",45,"Rural","Low - fairly natural, not much development","Upland or well drained","Forest edge","Lower slope",45,"No there are not any new plants","Issaquah Site 3 Fern 2","","Dead/dying site, dying","","FHL0160","FZJ074","1","Field","Soil","Sword Fern Mortalilty","Sword Fern Field Samples","","4/30/25","Prepman","9.18","","6/10/25","","y","Y",NA,"","Globisporangium debaryanum","","Globisporangium","Oomycete",NA,"Pythium",NA,"","","","","Pythium sp.","FZJ074","1 Soil","2/21/25","imontejano05","https://www.inaturalist.org/observations/262600866","SE 158th St, Issaquah, WA, US",47.4607238,-121.9878334,"Polystichum munitum","western sword fern","Poor","Browning fronds",45,"Rural","Low - fairly natural, not much development","Upland or well drained","Forest edge","Lower slope",45,"No there are not any new plants","Issaquah Site 3 Fern 2","","Dead/dying site, dying",""
"132","FZJ074-2 Soil","4/9/25","4/30/25","4/18/25","V8 Broth Racks & Soil Swordfern Isolates","final","Y","","Phytophthora cambivora","yes","V8B",".","2 Soil","2/21/25","imontejano05","https://www.inaturalist.org/observations/262600866","SE 158th St, Issaquah, WA, US",47.4607238,-121.9878334,"Polystichum munitum","western sword fern","Poor","Browning fronds",45,"Rural","Low - fairly natural, not much development","Upland or well drained","Forest edge","Lower slope",45,"No there are not any new plants","Issaquah Site 3 Fern 2","","Dead/dying site, dying","","FHL0161","FZJ074","2","Field","Soil","Sword Fern Mortalilty","Sword Fern Field Samples","","4/30/25","Prepman","3.83","","5/22/25","","y","Y",NA,"","Phytophthora cambivora","","Phytophthora","Oomycete",NA,"Phytophthora",7,"Phytophthora cambivora","","P. abietivora","Phytophthora cambivora","Phytophthora cambivora","FZJ074","2 Soil","2/21/25","imontejano05","https://www.inaturalist.org/observations/262600866","SE 158th St, Issaquah, WA, US",47.4607238,-121.9878334,"Polystichum munitum","western sword fern","Poor","Browning fronds",45,"Rural","Low - fairly natural, not much development","Upland or well drained","Forest edge","Lower slope",45,"No there are not any new plants","Issaquah Site 3 Fern 2","","Dead/dying site, dying",""
"133","FZJ074-3 Soil","4/11/25","4/30/25","4/18/25","V8 Broth Racks & Soil Swordfern Isolates","final","Y","","Phytophthora cambivora","yes","V8B",".","3 Soil","2/21/25","imontejano05","https://www.inaturalist.org/observations/262600866","SE 158th St, Issaquah, WA, US",47.4607238,-121.9878334,"Polystichum munitum","western sword fern","Poor","Browning fronds",45,"Rural","Low - fairly natural, not much development","Upland or well drained","Forest edge","Lower slope",45,"No there are not any new plants","Issaquah Site 3 Fern 2","","Dead/dying site, dying","","FHL0162","FZJ074","3","Field","Soil","Sword Fern Mortalilty","Sword Fern Field Samples","","4/30/25","Prepman","3.78","","5/22/25","","y","Y",NA,"","Phytophthora cambivora","","Phytophthora","Oomycete",NA,"Phytophthora",7,"Phytophthora cambivora","","P. abietivora","Phytophthora cambivora","Phytophthora cambivora","FZJ074","3 Soil","2/21/25","imontejano05","https://www.inaturalist.org/observations/262600866","SE 158th St, Issaquah, WA, US",47.4607238,-121.9878334,"Polystichum munitum","western sword fern","Poor","Browning fronds",45,"Rural","Low - fairly natural, not much development","Upland or well drained","Forest edge","Lower slope",45,"No there are not any new plants","Issaquah Site 3 Fern 2","","Dead/dying site, dying",""
"134","FZJ075-1 Soil","4/14/25","4/30/25","4/18/25","V8 Broth Racks & Soil Swordfern Isolates","final","Y","Group 24","Mortierella","yes","V8B","","1 Soil","2/21/25","imontejano05","https://www.inaturalist.org/observations/262600866","SE 158th St, Issaquah, WA, US",47.4607238,-121.9878334,"Polystichum munitum","western sword fern","Poor","Browning fronds",45,"Rural","Low - fairly natural, not much development","Upland or well drained","Forest edge","Lower slope",45,"No there are not any new plants","Issaquah Site 3 Fern 3","","Dead/Dying site, stump","","FHL0163","FZJ075","1","Field","Soil","Sword Fern Mortalilty","Sword Fern Field Samples","","4/30/25","Prepman","4.52","","5/22/25","","y","Y",NA,"","","","","Fungi",NA,"Fungal",NA,"","","","","","FZJ075","1 Soil","2/21/25","imontejano05","https://www.inaturalist.org/observations/262600866","SE 158th St, Issaquah, WA, US",47.4607238,-121.9878334,"Polystichum munitum","western sword fern","Poor","Browning fronds",45,"Rural","Low - fairly natural, not much development","Upland or well drained","Forest edge","Lower slope",45,"No there are not any new plants","Issaquah Site 3 Fern 3","","Dead/Dying site, stump",""
"135","FZJ075-2 Soil","","","4/22/25","Soil Swordfern Isolates on PARPHV8","secondary","","","unknown","no","PARPHV8","","2 Soil","2/21/25","imontejano05","https://www.inaturalist.org/observations/262600866","SE 158th St, Issaquah, WA, US",47.4607238,-121.9878334,"Polystichum munitum","western sword fern","Poor","Browning fronds",45,"Rural","Low - fairly natural, not much development","Upland or well drained","Forest edge","Lower slope",45,"No there are not any new plants","Issaquah Site 3 Fern 3","","Dead/Dying site, stump","",NA,NA,NA,NA,NA,NA,NA,NA,NA,NA,NA,NA,NA,NA,NA,NA,NA,NA,NA,NA,NA,NA,NA,NA,NA,NA,NA,NA,NA,NA,"FZJ075","2 Soil","2/21/25","imontejano05","https://www.inaturalist.org/observations/262600866","SE 158th St, Issaquah, WA, US",47.4607238,-121.9878334,"Polystichum munitum","western sword fern","Poor","Browning fronds",45,"Rural","Low - fairly natural, not much development","Upland or well drained","Forest edge","Lower slope",45,"No there are not any new plants","Issaquah Site 3 Fern 3","","Dead/Dying site, stump",""
"136","FZJ075-3 Soil","","","4/18/25","V8 Broth Racks & Soil Swordfern Isolates","final","Y","Group 24","Mortierella","yes","V8B","","3 Soil","2/21/25","imontejano05","https://www.inaturalist.org/observations/262600866","SE 158th St, Issaquah, WA, US",47.4607238,-121.9878334,"Polystichum munitum","western sword fern","Poor","Browning fronds",45,"Rural","Low - fairly natural, not much development","Upland or well drained","Forest edge","Lower slope",45,"No there are not any new plants","Issaquah Site 3 Fern 3","","Dead/Dying site, stump","",NA,NA,NA,NA,NA,NA,NA,NA,NA,NA,NA,NA,NA,NA,NA,NA,NA,NA,NA,NA,NA,NA,NA,NA,NA,NA,NA,NA,NA,NA,"FZJ075","3 Soil","2/21/25","imontejano05","https://www.inaturalist.org/observations/262600866","SE 158th St, Issaquah, WA, US",47.4607238,-121.9878334,"Polystichum munitum","western sword fern","Poor","Browning fronds",45,"Rural","Low - fairly natural, not much development","Upland or well drained","Forest edge","Lower slope",45,"No there are not any new plants","Issaquah Site 3 Fern 3","","Dead/Dying site, stump",""
"137","FZJ076-1 Soil","","4/30/25","4/18/25","V8 Broth Racks & Soil Swordfern Isolates","final","Y","","unknown, low quality sequence","yes","V8B","","1 Soil","2/21/25","imontejano05","https://www.inaturalist.org/observations/262600866","SE 158th St, Issaquah, WA, US",47.4607238,-121.9878334,"Polystichum munitum","western sword fern","Poor","Browning fronds",45,"Rural","Low - fairly natural, not much development","Upland or well drained","Forest edge","Lower slope",45,"No there are not any new plants","Issaquah Site 3 Fern 4","","Dead/Dying site, stump","","FHL0164","FZJ076","1","Field","Soil","Sword Fern Mortalilty","Sword Fern Field Samples","","4/30/25","Prepman","5.97","Not Sequenced","5/22/25","","y","Y",NA,"","","","","Oomycete",NA,"Phytophthora",7,"","","P. abietivora","Phytophthora cambivora","Phytophthora cambivora","FZJ076","1 Soil","2/21/25","imontejano05","https://www.inaturalist.org/observations/262600866","SE 158th St, Issaquah, WA, US",47.4607238,-121.9878334,"Polystichum munitum","western sword fern","Poor","Browning fronds",45,"Rural","Low - fairly natural, not much development","Upland or well drained","Forest edge","Lower slope",45,"No there are not any new plants","Issaquah Site 3 Fern 4","","Dead/Dying site, stump",""
"138","FZJ076-2 Soil","","","4/18/25","V8 Broth Racks & Soil Swordfern Isolates","final","Y","","unknown","yes","V8B","","2 Soil","2/21/25","imontejano05","https://www.inaturalist.org/observations/262600866","SE 158th St, Issaquah, WA, US",47.4607238,-121.9878334,"Polystichum munitum","western sword fern","Poor","Browning fronds",45,"Rural","Low - fairly natural, not much development","Upland or well drained","Forest edge","Lower slope",45,"No there are not any new plants","Issaquah Site 3 Fern 4","","Dead/Dying site, stump","",NA,NA,NA,NA,NA,NA,NA,NA,NA,NA,NA,NA,NA,NA,NA,NA,NA,NA,NA,NA,NA,NA,NA,NA,NA,NA,NA,NA,NA,NA,"FZJ076","2 Soil","2/21/25","imontejano05","https://www.inaturalist.org/observations/262600866","SE 158th St, Issaquah, WA, US",47.4607238,-121.9878334,"Polystichum munitum","western sword fern","Poor","Browning fronds",45,"Rural","Low - fairly natural, not much development","Upland or well drained","Forest edge","Lower slope",45,"No there are not any new plants","Issaquah Site 3 Fern 4","","Dead/Dying site, stump",""
"139","FZJ076-3 Soil","","","4/22/25","Soil Swordfern Isolates on PARPHV8","secondary","Y","","Phytophthora syringae","no","PARPHV8","","3 Soil","2/21/25","imontejano05","https://www.inaturalist.org/observations/262600866","SE 158th St, Issaquah, WA, US",47.4607238,-121.9878334,"Polystichum munitum","western sword fern","Poor","Browning fronds",45,"Rural","Low - fairly natural, not much development","Upland or well drained","Forest edge","Lower slope",45,"No there are not any new plants","Issaquah Site 3 Fern 4","","Dead/Dying site, stump","","FHL0233","FZJ076","3","Field","Soil","Sword Fern Mortalilty","Sword Fern Field Samples","","6/4/25","Prepman","0.561","","6/12/25","","y","Y",NA,"","Phytophthora syringae","","Phytophthora","Oomycete",NA,"Phytophthora",8,"Phytophthora syringae","","P. syringae","Phytophthora syringae","Phytophthora syringae","FZJ076","3 Soil","2/21/25","imontejano05","https://www.inaturalist.org/observations/262600866","SE 158th St, Issaquah, WA, US",47.4607238,-121.9878334,"Polystichum munitum","western sword fern","Poor","Browning fronds",45,"Rural","Low - fairly natural, not much development","Upland or well drained","Forest edge","Lower slope",45,"No there are not any new plants","Issaquah Site 3 Fern 4","","Dead/Dying site, stump",""
"140","FZJ076-4 Soil","","","4/22/25","Soil Swordfern Isolates on PARPHV8","secondary","","","unknown","no","PARPHV8","","4 Soil","2/21/25","imontejano05","https://www.inaturalist.org/observations/262600866","SE 158th St, Issaquah, WA, US",47.4607238,-121.9878334,"Polystichum munitum","western sword fern","Poor","Browning fronds",45,"Rural","Low - fairly natural, not much development","Upland or well drained","Forest edge","Lower slope",45,"No there are not any new plants","Issaquah Site 3 Fern 4","","Dead/Dying site, stump","",NA,NA,NA,NA,NA,NA,NA,NA,NA,NA,NA,NA,NA,NA,NA,NA,NA,NA,NA,NA,NA,NA,NA,NA,NA,NA,NA,NA,NA,NA,"FZJ076","4 Soil","2/21/25","imontejano05","https://www.inaturalist.org/observations/262600866","SE 158th St, Issaquah, WA, US",47.4607238,-121.9878334,"Polystichum munitum","western sword fern","Poor","Browning fronds",45,"Rural","Low - fairly natural, not much development","Upland or well drained","Forest edge","Lower slope",45,"No there are not any new plants","Issaquah Site 3 Fern 4","","Dead/Dying site, stump",""
"141","FZJ077-1 Soil","","","4/18/25","V8 Broth Racks & Soil Swordfern Isolates","final","","Group 9","Pythium attrantheridium","yes","V8B","","1 Soil","2/21/25","imontejano05","https://www.inaturalist.org/observations/262607476","SE 158th St, Issaquah, WA, US",47.46058471,-121.9879506,"Polystichum munitum","western sword fern","Poor","Collapse of Some Fronds",60,"Rural","Low - fairly natural, not much development","Upland or well drained","Forest edge","Lower slope",60,"No there are not any new plants","Issaquah Site 4 Fern 1","","Dead/dying site, dying","",NA,NA,NA,NA,NA,NA,NA,NA,NA,NA,NA,NA,NA,NA,NA,NA,NA,NA,NA,NA,NA,NA,NA,NA,NA,NA,NA,NA,NA,NA,"FZJ077","1 Soil","2/21/25","imontejano05","https://www.inaturalist.org/observations/262607476","SE 158th St, Issaquah, WA, US",47.46058471,-121.9879506,"Polystichum munitum","western sword fern","Poor","Collapse of Some Fronds",60,"Rural","Low - fairly natural, not much development","Upland or well drained","Forest edge","Lower slope",60,"No there are not any new plants","Issaquah Site 4 Fern 1","","Dead/dying site, dying",""
"142","FZJ078-1 Soil","","5/1/25","4/18/25","V8 Broth Racks & Soil Swordfern Isolates","final","","","Pythium senticosum","yes","V8B","","1 Soil","2/21/25","imontejano05","https://www.inaturalist.org/observations/262607476","SE 158th St, Issaquah, WA, US",47.46058471,-121.9879506,"Polystichum munitum","western sword fern","Poor","Collapse of Some Fronds",60,"Rural","Low - fairly natural, not much development","Upland or well drained","Forest edge","Lower slope",60,"No there are not any new plants","Issaquah Site 4 Fern 2","","Dead/dying site, dying","","FHL0165","FZJ078","1","Field","Soil","Sword Fern Mortalilty","Sword Fern Field Samples","","5/1/25","Prepman","53.9","","6/10/25","","y","Y",NA,"","Pythium senticosum","","Pythium","Oomycete",NA,"Pythium",NA,"","","","","Pythium sp.","FZJ078","1 Soil","2/21/25","imontejano05","https://www.inaturalist.org/observations/262607476","SE 158th St, Issaquah, WA, US",47.46058471,-121.9879506,"Polystichum munitum","western sword fern","Poor","Collapse of Some Fronds",60,"Rural","Low - fairly natural, not much development","Upland or well drained","Forest edge","Lower slope",60,"No there are not any new plants","Issaquah Site 4 Fern 2","","Dead/dying site, dying",""
"143","FZJ079-1 Soil","4/10/25","","4/18/25","V8 Broth Racks & Soil Swordfern Isolates","final","Y","Group 25","Phytophthora abietivora","yes","V8B",".","1 Soil","2/21/25","imontejano05","https://www.inaturalist.org/observations/262607476","SE 158th St, Issaquah, WA, US",47.46058471,-121.9879506,"Polystichum munitum","western sword fern","Poor","Collapse of Some Fronds",60,"Rural","Low - fairly natural, not much development","Upland or well drained","Forest edge","Lower slope",60,"No there are not any new plants","Issaquah Site 4 Fern 3","","Dead/Dying site, stump","",NA,NA,NA,NA,NA,NA,NA,NA,NA,NA,NA,NA,NA,NA,NA,NA,NA,NA,NA,NA,NA,NA,NA,NA,NA,NA,NA,NA,NA,NA,"FZJ079","1 Soil","2/21/25","imontejano05","https://www.inaturalist.org/observations/262607476","SE 158th St, Issaquah, WA, US",47.46058471,-121.9879506,"Polystichum munitum","western sword fern","Poor","Collapse of Some Fronds",60,"Rural","Low - fairly natural, not much development","Upland or well drained","Forest edge","Lower slope",60,"No there are not any new plants","Issaquah Site 4 Fern 3","","Dead/Dying site, stump",""
"144","FZJ079-2 Soil","","","4/18/25","V8 Broth Racks & Soil Swordfern Isolates","final","Y","Group 25","Phytophthora abietivora","yes","V8B",".","2 Soil","2/21/25","imontejano05","https://www.inaturalist.org/observations/262607476","SE 158th St, Issaquah, WA, US",47.46058471,-121.9879506,"Polystichum munitum","western sword fern","Poor","Collapse of Some Fronds",60,"Rural","Low - fairly natural, not much development","Upland or well drained","Forest edge","Lower slope",60,"No there are not any new plants","Issaquah Site 4 Fern 3","","Dead/Dying site, stump","",NA,NA,NA,NA,NA,NA,NA,NA,NA,NA,NA,NA,NA,NA,NA,NA,NA,NA,NA,NA,NA,NA,NA,NA,NA,NA,NA,NA,NA,NA,"FZJ079","2 Soil","2/21/25","imontejano05","https://www.inaturalist.org/observations/262607476","SE 158th St, Issaquah, WA, US",47.46058471,-121.9879506,"Polystichum munitum","western sword fern","Poor","Collapse of Some Fronds",60,"Rural","Low - fairly natural, not much development","Upland or well drained","Forest edge","Lower slope",60,"No there are not any new plants","Issaquah Site 4 Fern 3","","Dead/Dying site, stump",""
"145","FZJ079-3 Soil","","5/1/25","4/18/25","V8 Broth Racks & Soil Swordfern Isolates","final","Y","Group 25","Phytophthora abietivora","yes","V8B",".","3 Soil","2/21/25","imontejano05","https://www.inaturalist.org/observations/262607476","SE 158th St, Issaquah, WA, US",47.46058471,-121.9879506,"Polystichum munitum","western sword fern","Poor","Collapse of Some Fronds",60,"Rural","Low - fairly natural, not much development","Upland or well drained","Forest edge","Lower slope",60,"No there are not any new plants","Issaquah Site 4 Fern 3","","Dead/Dying site, stump","","FHL0166","FZJ079","3","Field","Soil","Sword Fern Mortalilty","Sword Fern Field Samples","","5/1/25","Prepman","14.5","","5/22/25","","y","Y",NA,"","Phytophthora flexuosa?","","Phytophthora","Oomycete",NA,"Phytophthora",7,"Phytophthora flexuosa","","P. abietivora","Phytophthora clade 7 sp. 1","Phytophthora clade 7 sp. 1","FZJ079","3 Soil","2/21/25","imontejano05","https://www.inaturalist.org/observations/262607476","SE 158th St, Issaquah, WA, US",47.46058471,-121.9879506,"Polystichum munitum","western sword fern","Poor","Collapse of Some Fronds",60,"Rural","Low - fairly natural, not much development","Upland or well drained","Forest edge","Lower slope",60,"No there are not any new plants","Issaquah Site 4 Fern 3","","Dead/Dying site, stump",""
"146","FZJ080-1 Soil","4/10/25","5/1/25","4/18/25","V8 Broth Racks & Soil Swordfern Isolates","final","","","Mortierella","yes","V8B","","1 Soil","2/21/25","imontejano05","https://www.inaturalist.org/observations/262607476","SE 158th St, Issaquah, WA, US",47.46058471,-121.9879506,"Polystichum munitum","western sword fern","Poor","Collapse of Some Fronds",60,"Rural","Low - fairly natural, not much development","Upland or well drained","Forest edge","Lower slope",60,"No there are not any new plants","Issaquah Site 4 Fern 4","","Dead/Dying site, stump","","FHL0168","FZJ080","1","Field","Soil","Sword Fern Mortalilty","Sword Fern Field Samples","","5/1/25","Prepman","20.1","May have been two isolates with same number or two plates of same isolate","5/22/25","","y","Y",NA,"","Globisporangium intermedium","","Globisporangium","Oomycete",NA,"Pythium",NA,"Globisporangium intermedium","","","","Pythium sp.","FZJ080","1 Soil","2/21/25","imontejano05","https://www.inaturalist.org/observations/262607476","SE 158th St, Issaquah, WA, US",47.46058471,-121.9879506,"Polystichum munitum","western sword fern","Poor","Collapse of Some Fronds",60,"Rural","Low - fairly natural, not much development","Upland or well drained","Forest edge","Lower slope",60,"No there are not any new plants","Issaquah Site 4 Fern 4","","Dead/Dying site, stump",""
"147","FZJ080-1 Soil","4/10/25","5/1/25","4/18/25","V8 Broth Racks & Soil Swordfern Isolates","final","","","Mortierella","yes","V8B","","1 Soil","2/21/25","imontejano05","https://www.inaturalist.org/observations/262607476","SE 158th St, Issaquah, WA, US",47.46058471,-121.9879506,"Polystichum munitum","western sword fern","Poor","Collapse of Some Fronds",60,"Rural","Low - fairly natural, not much development","Upland or well drained","Forest edge","Lower slope",60,"No there are not any new plants","Issaquah Site 4 Fern 4","","Dead/Dying site, stump","","FHL0168","FZJ080","1","Field","Soil","Sword Fern Mortalilty","Sword Fern Field Samples","","5/1/25","Prepman","20.1","May have been two isolates with same number or two plates of same isolate","5/22/25","","y","Y",NA,"","Globisporangium intermedium","","Globisporangium","Oomycete",NA,"Pythium",NA,"Globisporangium intermedium","","","","Pythium sp.","FZJ080","1 Soil","2/21/25","imontejano05","https://www.inaturalist.org/observations/262607476","SE 158th St, Issaquah, WA, US",47.46058471,-121.9879506,"Polystichum munitum","western sword fern","Poor","Collapse of Some Fronds",60,"Rural","Low - fairly natural, not much development","Upland or well drained","Forest edge","Lower slope",60,"No there are not any new plants","Issaquah Site 4 Fern 4","","Dead/Dying site, stump",""
"148","FZJ080-1 Soil","","5/1/25","4/18/25","V8 Broth Racks & Soil Swordfern Isolates","final","Y","","Globisporangium intermedium","yes","V8B","","1 Soil","2/21/25","imontejano05","https://www.inaturalist.org/observations/262607476","SE 158th St, Issaquah, WA, US",47.46058471,-121.9879506,"Polystichum munitum","western sword fern","Poor","Collapse of Some Fronds",60,"Rural","Low - fairly natural, not much development","Upland or well drained","Forest edge","Lower slope",60,"No there are not any new plants","Issaquah Site 4 Fern 4","","Dead/Dying site, stump","","FHL0168","FZJ080","1","Field","Soil","Sword Fern Mortalilty","Sword Fern Field Samples","","5/1/25","Prepman","20.1","May have been two isolates with same number or two plates of same isolate","5/22/25","","y","Y",NA,"","Globisporangium intermedium","","Globisporangium","Oomycete",NA,"Pythium",NA,"Globisporangium intermedium","","","","Pythium sp.","FZJ080","1 Soil","2/21/25","imontejano05","https://www.inaturalist.org/observations/262607476","SE 158th St, Issaquah, WA, US",47.46058471,-121.9879506,"Polystichum munitum","western sword fern","Poor","Collapse of Some Fronds",60,"Rural","Low - fairly natural, not much development","Upland or well drained","Forest edge","Lower slope",60,"No there are not any new plants","Issaquah Site 4 Fern 4","","Dead/Dying site, stump",""
"149","FZJ080-1 Soil","","5/1/25","4/18/25","V8 Broth Racks & Soil Swordfern Isolates","final","Y","","Globisporangium intermedium","yes","V8B","","1 Soil","2/21/25","imontejano05","https://www.inaturalist.org/observations/262607476","SE 158th St, Issaquah, WA, US",47.46058471,-121.9879506,"Polystichum munitum","western sword fern","Poor","Collapse of Some Fronds",60,"Rural","Low - fairly natural, not much development","Upland or well drained","Forest edge","Lower slope",60,"No there are not any new plants","Issaquah Site 4 Fern 4","","Dead/Dying site, stump","","FHL0168","FZJ080","1","Field","Soil","Sword Fern Mortalilty","Sword Fern Field Samples","","5/1/25","Prepman","20.1","May have been two isolates with same number or two plates of same isolate","5/22/25","","y","Y",NA,"","Globisporangium intermedium","","Globisporangium","Oomycete",NA,"Pythium",NA,"Globisporangium intermedium","","","","Pythium sp.","FZJ080","1 Soil","2/21/25","imontejano05","https://www.inaturalist.org/observations/262607476","SE 158th St, Issaquah, WA, US",47.46058471,-121.9879506,"Polystichum munitum","western sword fern","Poor","Collapse of Some Fronds",60,"Rural","Low - fairly natural, not much development","Upland or well drained","Forest edge","Lower slope",60,"No there are not any new plants","Issaquah Site 4 Fern 4","","Dead/Dying site, stump",""
"150","FZJ080-2 Soil","","","4/22/25","Soil Swordfern Isolates on PARPHV8","secondary","","","unknown","no","PARPHV8","","2 Soil","2/21/25","imontejano05","https://www.inaturalist.org/observations/262607476","SE 158th St, Issaquah, WA, US",47.46058471,-121.9879506,"Polystichum munitum","western sword fern","Poor","Collapse of Some Fronds",60,"Rural","Low - fairly natural, not much development","Upland or well drained","Forest edge","Lower slope",60,"No there are not any new plants","Issaquah Site 4 Fern 4","","Dead/Dying site, stump","",NA,NA,NA,NA,NA,NA,NA,NA,NA,NA,NA,NA,NA,NA,NA,NA,NA,NA,NA,NA,NA,NA,NA,NA,NA,NA,NA,NA,NA,NA,"FZJ080","2 Soil","2/21/25","imontejano05","https://www.inaturalist.org/observations/262607476","SE 158th St, Issaquah, WA, US",47.46058471,-121.9879506,"Polystichum munitum","western sword fern","Poor","Collapse of Some Fronds",60,"Rural","Low - fairly natural, not much development","Upland or well drained","Forest edge","Lower slope",60,"No there are not any new plants","Issaquah Site 4 Fern 4","","Dead/Dying site, stump",""
"151","FZJ081-1 Root","","4/2/25","3/17/25","Clean oomycetes on V8","final","","","Mortierella","N/A","V8","Clean oomycetes on V8","1 Root","2/27/25","figgywiggums","https://www.inaturalist.org/observations/263292031","NE Mountain Lake Dr, Belfair, WA, US",47.52071,-122.827,"Polystichum munitum","western sword fern","Poor","Collapse of Some Fronds",35,"Rural","Medium (moderately used trails, etc)","Upland or well drained","Inside a forest canopy","Middle of a slope",75,"No there are not any new plants","belfair site 1, fern 1","","Dying","",NA,NA,NA,NA,NA,NA,NA,NA,NA,NA,NA,NA,NA,NA,NA,NA,NA,NA,NA,NA,NA,NA,NA,NA,NA,NA,NA,NA,NA,NA,"FZJ081","1 Root","2/27/25","figgywiggums","https://www.inaturalist.org/observations/263292031","NE Mountain Lake Dr, Belfair, WA, US",47.52071,-122.827,"Polystichum munitum","western sword fern","Poor","Collapse of Some Fronds",35,"Rural","Medium (moderately used trails, etc)","Upland or well drained","Inside a forest canopy","Middle of a slope",75,"No there are not any new plants","belfair site 1, fern 1","","Dying",""
"152","FZJ081-1 Soil","","","4/18/25","V8 Broth Racks & Soil Swordfern Isolates","final","Y","","unknown","yes","V8B","","1 Soil","2/27/25","figgywiggums","https://www.inaturalist.org/observations/263292031","NE Mountain Lake Dr, Belfair, WA, US",47.52071,-122.827,"Polystichum munitum","western sword fern","Poor","Collapse of Some Fronds",35,"Rural","Medium (moderately used trails, etc)","Upland or well drained","Inside a forest canopy","Middle of a slope",75,"No there are not any new plants","belfair site 1, fern 1","","Dying","","N/A","FZJ081","1","Field","Soil","Sword Fern Mortalilty","Sword Fern Field Samples","","5/1/25","Prepman","","not enough mycelia growth to extract","","","","",NA,"","","","","",NA,"",NA,"","","","","","FZJ081","1 Soil","2/27/25","figgywiggums","https://www.inaturalist.org/observations/263292031","NE Mountain Lake Dr, Belfair, WA, US",47.52071,-122.827,"Polystichum munitum","western sword fern","Poor","Collapse of Some Fronds",35,"Rural","Medium (moderately used trails, etc)","Upland or well drained","Inside a forest canopy","Middle of a slope",75,"No there are not any new plants","belfair site 1, fern 1","","Dying",""
"153","FZJ081-2 Soil","4/10/25","5/1/25","4/18/25","V8 Broth Racks & Soil Swordfern Isolates","final","","","Pythium senticosum","yes","V8B","","2 Soil","2/27/25","figgywiggums","https://www.inaturalist.org/observations/263292031","NE Mountain Lake Dr, Belfair, WA, US",47.52071,-122.827,"Polystichum munitum","western sword fern","Poor","Collapse of Some Fronds",35,"Rural","Medium (moderately used trails, etc)","Upland or well drained","Inside a forest canopy","Middle of a slope",75,"No there are not any new plants","belfair site 1, fern 1","","Dying","","FHL0169","FZJ081","2","Field","Soil","Sword Fern Mortalilty","Sword Fern Field Samples","","5/1/25","Prepman","22.5","","6/10/25","","y","Y",NA,"","Pythium senticosum","","Pythium","Oomycete",NA,"Pythium",NA,"","","","","Pythium sp.","FZJ081","2 Soil","2/27/25","figgywiggums","https://www.inaturalist.org/observations/263292031","NE Mountain Lake Dr, Belfair, WA, US",47.52071,-122.827,"Polystichum munitum","western sword fern","Poor","Collapse of Some Fronds",35,"Rural","Medium (moderately used trails, etc)","Upland or well drained","Inside a forest canopy","Middle of a slope",75,"No there are not any new plants","belfair site 1, fern 1","","Dying",""
"154","FZJ081-3 Soil","4/11/25","","4/22/25","Soil Swordfern Isolates on PARPHV8","secondary","Y","","Phytophthora obscura","no","PARPHV8","","3 Soil","2/27/25","figgywiggums","https://www.inaturalist.org/observations/263292031","NE Mountain Lake Dr, Belfair, WA, US",47.52071,-122.827,"Polystichum munitum","western sword fern","Poor","Collapse of Some Fronds",35,"Rural","Medium (moderately used trails, etc)","Upland or well drained","Inside a forest canopy","Middle of a slope",75,"No there are not any new plants","belfair site 1, fern 1","","Dying","","FHL0226","FZJ081","3","Field","Soil","Sword Fern Mortalilty","Sword Fern Field Samples","","6/4/25","Prepman","0.894","","6/12/25","","y","Y",NA,"","Phytophthora obscura","","Phytophthora","Oomycete",NA,"Phytophthora",8,"Phytophthora obscura","","P. obscura","Phytophthora obscura","Phytophthora obscura","FZJ081","3 Soil","2/27/25","figgywiggums","https://www.inaturalist.org/observations/263292031","NE Mountain Lake Dr, Belfair, WA, US",47.52071,-122.827,"Polystichum munitum","western sword fern","Poor","Collapse of Some Fronds",35,"Rural","Medium (moderately used trails, etc)","Upland or well drained","Inside a forest canopy","Middle of a slope",75,"No there are not any new plants","belfair site 1, fern 1","","Dying",""
"155","FZJ082-1 Soil","","5/1/25","4/18/25","V8 Broth Racks & Soil Swordfern Isolates","final","","","Globisporangium debaryanum","yes","V8B","","1 Soil","2/27/25","figgywiggums","https://www.inaturalist.org/observations/263292031","NE Mountain Lake Dr, Belfair, WA, US",47.52071,-122.827,"Polystichum munitum","western sword fern","Poor","Collapse of Some Fronds",35,"Rural","Medium (moderately used trails, etc)","Upland or well drained","Inside a forest canopy","Middle of a slope",75,"No there are not any new plants","belfair site 1, fern 2","","Dying","","FHL0170","FZJ082","1","Field","Soil","Sword Fern Mortalilty","Sword Fern Field Samples","","5/1/25","Prepman","27.2","","6/10/25","","y","Y",NA,"","Globisporangium debaryanum","","Globisporangium","Oomycete",NA,"Pythium",NA,"","","","","Pythium sp.","FZJ082","1 Soil","2/27/25","figgywiggums","https://www.inaturalist.org/observations/263292031","NE Mountain Lake Dr, Belfair, WA, US",47.52071,-122.827,"Polystichum munitum","western sword fern","Poor","Collapse of Some Fronds",35,"Rural","Medium (moderately used trails, etc)","Upland or well drained","Inside a forest canopy","Middle of a slope",75,"No there are not any new plants","belfair site 1, fern 2","","Dying",""
"156","FZJ082-2 Soil","4/14/25","5/1/25","4/18/25","V8 Broth Racks & Soil Swordfern Isolates","final","","","Phytophthora pseudosyringae","yes","V8B","","2 Soil","2/27/25","figgywiggums","https://www.inaturalist.org/observations/263292031","NE Mountain Lake Dr, Belfair, WA, US",47.52071,-122.827,"Polystichum munitum","western sword fern","Poor","Collapse of Some Fronds",35,"Rural","Medium (moderately used trails, etc)","Upland or well drained","Inside a forest canopy","Middle of a slope",75,"No there are not any new plants","belfair site 1, fern 2","","Dying","","FHL0171","FZJ082","2","Field","Soil","Sword Fern Mortalilty","Sword Fern Field Samples","","5/1/25","Prepman","3.03","","6/10/25","","y","Y",NA,"","Phytophthora pseudosyringae","","Phytophthora","Oomycete",NA,"Phytophthora",3,"Phytophthora pseudosyringae","","P. pseudosyringae","Phytophthora pseudosyringae","Phytophthora pseudosyringae","FZJ082","2 Soil","2/27/25","figgywiggums","https://www.inaturalist.org/observations/263292031","NE Mountain Lake Dr, Belfair, WA, US",47.52071,-122.827,"Polystichum munitum","western sword fern","Poor","Collapse of Some Fronds",35,"Rural","Medium (moderately used trails, etc)","Upland or well drained","Inside a forest canopy","Middle of a slope",75,"No there are not any new plants","belfair site 1, fern 2","","Dying",""
"157","FZJ082-3 Soil","4/14/25","5/1/25","4/18/25","V8 Broth Racks & Soil Swordfern Isolates","final","","","Globisporangium debaryanum","yes","V8B","","3 Soil","2/27/25","figgywiggums","https://www.inaturalist.org/observations/263292031","NE Mountain Lake Dr, Belfair, WA, US",47.52071,-122.827,"Polystichum munitum","western sword fern","Poor","Collapse of Some Fronds",35,"Rural","Medium (moderately used trails, etc)","Upland or well drained","Inside a forest canopy","Middle of a slope",75,"No there are not any new plants","belfair site 1, fern 2","","Dying","","FHL0172","FZJ082","3","Field","Soil","Sword Fern Mortalilty","Sword Fern Field Samples","","5/1/25","Prepman","11.2","","6/10/25","","y","Y",NA,"","Globisporangium debaryanum","","Globisporangium","Oomycete",NA,"Pythium",NA,"","","","","Pythium sp.","FZJ082","3 Soil","2/27/25","figgywiggums","https://www.inaturalist.org/observations/263292031","NE Mountain Lake Dr, Belfair, WA, US",47.52071,-122.827,"Polystichum munitum","western sword fern","Poor","Collapse of Some Fronds",35,"Rural","Medium (moderately used trails, etc)","Upland or well drained","Inside a forest canopy","Middle of a slope",75,"No there are not any new plants","belfair site 1, fern 2","","Dying",""
"158","FZJ083-1 Soil","4/9/25","","4/18/25","V8 Broth Racks & Soil Swordfern Isolates","final","","Group 10","Pythium senticosum","yes","V8B","","1 Soil","2/27/25","figgywiggums","https://www.inaturalist.org/observations/263292031","NE Mountain Lake Dr, Belfair, WA, US",47.52071,-122.827,"Polystichum munitum","western sword fern","Poor","Collapse of Some Fronds",35,"Rural","Medium (moderately used trails, etc)","Upland or well drained","Inside a forest canopy","Middle of a slope",75,"No there are not any new plants","belfair site 1, fern 3","Yes","Dead","",NA,NA,NA,NA,NA,NA,NA,NA,NA,NA,NA,NA,NA,NA,NA,NA,NA,NA,NA,NA,NA,NA,NA,NA,NA,NA,NA,NA,NA,NA,"FZJ083","1 Soil","2/27/25","figgywiggums","https://www.inaturalist.org/observations/263292031","NE Mountain Lake Dr, Belfair, WA, US",47.52071,-122.827,"Polystichum munitum","western sword fern","Poor","Collapse of Some Fronds",35,"Rural","Medium (moderately used trails, etc)","Upland or well drained","Inside a forest canopy","Middle of a slope",75,"No there are not any new plants","belfair site 1, fern 3","Yes","Dead",""
"159","FZJ083-2 Soil","4/10/25","5/1/25","4/18/25","V8 Broth Racks & Soil Swordfern Isolates","final","","Group 10","Pythium senticosum","yes","V8B","","2 Soil","2/27/25","figgywiggums","https://www.inaturalist.org/observations/263292031","NE Mountain Lake Dr, Belfair, WA, US",47.52071,-122.827,"Polystichum munitum","western sword fern","Poor","Collapse of Some Fronds",35,"Rural","Medium (moderately used trails, etc)","Upland or well drained","Inside a forest canopy","Middle of a slope",75,"No there are not any new plants","belfair site 1, fern 3","Yes","Dead","","FHL0173","FZJ083","2","Field","Soil","Sword Fern Mortalilty","Sword Fern Field Samples","","5/1/25","Prepman","16.5","","6/10/25","","y","Y",NA,"","Pythium senticosum","","Pythium","Oomycete",NA,"Pythium",NA,"","","","","Pythium sp.","FZJ083","2 Soil","2/27/25","figgywiggums","https://www.inaturalist.org/observations/263292031","NE Mountain Lake Dr, Belfair, WA, US",47.52071,-122.827,"Polystichum munitum","western sword fern","Poor","Collapse of Some Fronds",35,"Rural","Medium (moderately used trails, etc)","Upland or well drained","Inside a forest canopy","Middle of a slope",75,"No there are not any new plants","belfair site 1, fern 3","Yes","Dead",""
"160","FZJ084-1 Soil","","","4/18/25","V8 Broth Racks & Soil Swordfern Isolates","final","","Group 11","Pythium attrantheridium","yes","V8B","","1 Soil","2/27/25","figgywiggums","https://www.inaturalist.org/observations/263295333","NE Mountain Lake Dr, Belfair, WA, US",47.52052,-122.827,"Polystichum munitum","western sword fern","Poor","Collapse of Some Fronds",35,"Rural","Medium (moderately used trails, etc)","Upland or well drained","Inside a forest canopy","Middle of a slope",65,"No there are not any new plants","belfair site 2, fern 1","","Dying","",NA,NA,NA,NA,NA,NA,NA,NA,NA,NA,NA,NA,NA,NA,NA,NA,NA,NA,NA,NA,NA,NA,NA,NA,NA,NA,NA,NA,NA,NA,"FZJ084","1 Soil","2/27/25","figgywiggums","https://www.inaturalist.org/observations/263295333","NE Mountain Lake Dr, Belfair, WA, US",47.52052,-122.827,"Polystichum munitum","western sword fern","Poor","Collapse of Some Fronds",35,"Rural","Medium (moderately used trails, etc)","Upland or well drained","Inside a forest canopy","Middle of a slope",65,"No there are not any new plants","belfair site 2, fern 1","","Dying",""
"161","FZJ084-2 Soil","","5/1/25","4/18/25","V8 Broth Racks & Soil Swordfern Isolates","final","","Group 11","Pythium attrantheridium","yes","V8B","","2 Soil","2/27/25","figgywiggums","https://www.inaturalist.org/observations/263295333","NE Mountain Lake Dr, Belfair, WA, US",47.52052,-122.827,"Polystichum munitum","western sword fern","Poor","Collapse of Some Fronds",35,"Rural","Medium (moderately used trails, etc)","Upland or well drained","Inside a forest canopy","Middle of a slope",65,"No there are not any new plants","belfair site 2, fern 1","","Dying","","FHL0174","FZJ084","2","Field","Soil","Sword Fern Mortalilty","Sword Fern Field Samples","","5/1/25","Prepman","12.2","","6/10/25","","y","Y",NA,"","Pythium attrantheridium","","Pythium","Oomycete",NA,"Pythium",NA,"Pythium attrantheridium","","","","Pythium sp.","FZJ084","2 Soil","2/27/25","figgywiggums","https://www.inaturalist.org/observations/263295333","NE Mountain Lake Dr, Belfair, WA, US",47.52052,-122.827,"Polystichum munitum","western sword fern","Poor","Collapse of Some Fronds",35,"Rural","Medium (moderately used trails, etc)","Upland or well drained","Inside a forest canopy","Middle of a slope",65,"No there are not any new plants","belfair site 2, fern 1","","Dying",""
"162","FZJ084-2 Soil","","5/1/25","4/18/25","V8 Broth Racks & Soil Swordfern Isolates","final","","Group 11","Pythium attrantheridium","yes","V8B","","2 Soil","2/27/25","figgywiggums","https://www.inaturalist.org/observations/263295333","NE Mountain Lake Dr, Belfair, WA, US",47.52052,-122.827,"Polystichum munitum","western sword fern","Poor","Collapse of Some Fronds",35,"Rural","Medium (moderately used trails, etc)","Upland or well drained","Inside a forest canopy","Middle of a slope",65,"No there are not any new plants","belfair site 2, fern 1","","Dying","","FHL0174","","","Field","","Sword Fern Mortalilty","Sword Fern Field Samples","","3/4/26","Zymo Fungal/Bacterial","0.315","","","","","",NA,"","","","","",NA,"",NA,"","","","","","FZJ084","2 Soil","2/27/25","figgywiggums","https://www.inaturalist.org/observations/263295333","NE Mountain Lake Dr, Belfair, WA, US",47.52052,-122.827,"Polystichum munitum","western sword fern","Poor","Collapse of Some Fronds",35,"Rural","Medium (moderately used trails, etc)","Upland or well drained","Inside a forest canopy","Middle of a slope",65,"No there are not any new plants","belfair site 2, fern 1","","Dying",""
"163","FZJ085-1 Root","","","3/14/25","PDR Isolates/Swordfern Roots","secondary","","","unknown","no","PARPHV8","","1 Root","2/27/25","figgywiggums","https://www.inaturalist.org/observations/263295333","NE Mountain Lake Dr, Belfair, WA, US",47.52052,-122.827,"Polystichum munitum","western sword fern","Poor","Collapse of Some Fronds",35,"Rural","Medium (moderately used trails, etc)","Upland or well drained","Inside a forest canopy","Middle of a slope",65,"No there are not any new plants","belfair site 2, fern 2","","Dying","","FHL0469","","","Field","Root","Sword Fern Mortalilty","Sword Fern Field Samples","","5/19/26","Qiagen PlantPro","0.749","","6/10/26","","","",NA,"","","","","",NA,"",NA,"","","","","","FZJ085","1 Root","2/27/25","figgywiggums","https://www.inaturalist.org/observations/263295333","NE Mountain Lake Dr, Belfair, WA, US",47.52052,-122.827,"Polystichum munitum","western sword fern","Poor","Collapse of Some Fronds",35,"Rural","Medium (moderately used trails, etc)","Upland or well drained","Inside a forest canopy","Middle of a slope",65,"No there are not any new plants","belfair site 2, fern 2","","Dying",""
"164","FZJ085-1 Soil","","","4/18/25","V8 Broth Racks & Soil Swordfern Isolates","final","","","Globisporangium intermedium","yes","V8B","","1 Soil","2/27/25","figgywiggums","https://www.inaturalist.org/observations/263295333","NE Mountain Lake Dr, Belfair, WA, US",47.52052,-122.827,"Polystichum munitum","western sword fern","Poor","Collapse of Some Fronds",35,"Rural","Medium (moderately used trails, etc)","Upland or well drained","Inside a forest canopy","Middle of a slope",65,"No there are not any new plants","belfair site 2, fern 2","","Dying","","FHL0175","FZJ085","1","Field","Soil","Sword Fern Mortalilty","Sword Fern Field Samples","","5/1/25","Prepman","35","","6/10/25","","y","Y",NA,"","Globisporangium intermedium","","Globisporangium","Oomycete",NA,"Pythium",NA,"Globisporangium intermedium","","","","Pythium sp.","FZJ085","1 Soil","2/27/25","figgywiggums","https://www.inaturalist.org/observations/263295333","NE Mountain Lake Dr, Belfair, WA, US",47.52052,-122.827,"Polystichum munitum","western sword fern","Poor","Collapse of Some Fronds",35,"Rural","Medium (moderately used trails, etc)","Upland or well drained","Inside a forest canopy","Middle of a slope",65,"No there are not any new plants","belfair site 2, fern 2","","Dying",""
"165","FZJ085-1 Soil","","","4/18/25","V8 Broth Racks & Soil Swordfern Isolates","final","","","Globisporangium intermedium","yes","V8B","","1 Soil","2/27/25","figgywiggums","https://www.inaturalist.org/observations/263295333","NE Mountain Lake Dr, Belfair, WA, US",47.52052,-122.827,"Polystichum munitum","western sword fern","Poor","Collapse of Some Fronds",35,"Rural","Medium (moderately used trails, etc)","Upland or well drained","Inside a forest canopy","Middle of a slope",65,"No there are not any new plants","belfair site 2, fern 2","","Dying","","FHL0175","","","Field","","Sword Fern Mortalilty","Sword Fern Field Samples","","3/4/26","Zymo Fungal/Bacterial","out of range","","","","","",NA,"","","","","",NA,"",NA,"","","","","","FZJ085","1 Soil","2/27/25","figgywiggums","https://www.inaturalist.org/observations/263295333","NE Mountain Lake Dr, Belfair, WA, US",47.52052,-122.827,"Polystichum munitum","western sword fern","Poor","Collapse of Some Fronds",35,"Rural","Medium (moderately used trails, etc)","Upland or well drained","Inside a forest canopy","Middle of a slope",65,"No there are not any new plants","belfair site 2, fern 2","","Dying",""
"166","FZJ085-2 Root","","","3/14/25","PDR Isolates/Swordfern Roots","growing, secondary","","","unknown","no","PARPHV8","","2 Root","2/27/25","figgywiggums","https://www.inaturalist.org/observations/263295333","NE Mountain Lake Dr, Belfair, WA, US",47.52052,-122.827,"Polystichum munitum","western sword fern","Poor","Collapse of Some Fronds",35,"Rural","Medium (moderately used trails, etc)","Upland or well drained","Inside a forest canopy","Middle of a slope",65,"No there are not any new plants","belfair site 2, fern 2","","Dying","",NA,NA,NA,NA,NA,NA,NA,NA,NA,NA,NA,NA,NA,NA,NA,NA,NA,NA,NA,NA,NA,NA,NA,NA,NA,NA,NA,NA,NA,NA,"FZJ085","2 Root","2/27/25","figgywiggums","https://www.inaturalist.org/observations/263295333","NE Mountain Lake Dr, Belfair, WA, US",47.52052,-122.827,"Polystichum munitum","western sword fern","Poor","Collapse of Some Fronds",35,"Rural","Medium (moderately used trails, etc)","Upland or well drained","Inside a forest canopy","Middle of a slope",65,"No there are not any new plants","belfair site 2, fern 2","","Dying",""
"167","FZJ086-1 Soil","4/10/25","5/1/25","4/18/25","V8 Broth Racks & Soil Swordfern Isolates","final","","","Globisporangium intermedium","yes","V8B","","1 Soil","2/27/25","figgywiggums","https://www.inaturalist.org/observations/263295333","NE Mountain Lake Dr, Belfair, WA, US",47.52052,-122.827,"Polystichum munitum","western sword fern","Poor","Collapse of Some Fronds",35,"Rural","Medium (moderately used trails, etc)","Upland or well drained","Inside a forest canopy","Middle of a slope",65,"No there are not any new plants","belfair site 2, fern 3","","Dead","","FHL0176","FZJ086","1","Field","Soil","Sword Fern Mortalilty","Sword Fern Field Samples","","5/1/25","Prepman","18.2","","6/10/25","","y","Y",NA,"","Globisporangium intermedium","","Globisporangium","Oomycete",NA,"Pythium",NA,"Globisporangium intermedium","","","","Pythium sp.","FZJ086","1 Soil","2/27/25","figgywiggums","https://www.inaturalist.org/observations/263295333","NE Mountain Lake Dr, Belfair, WA, US",47.52052,-122.827,"Polystichum munitum","western sword fern","Poor","Collapse of Some Fronds",35,"Rural","Medium (moderately used trails, etc)","Upland or well drained","Inside a forest canopy","Middle of a slope",65,"No there are not any new plants","belfair site 2, fern 3","","Dead",""
"168","FZJ086-2 Soil","4/14/25","","","","","","","","","","","2 Soil","2/27/25","figgywiggums","https://www.inaturalist.org/observations/263295333","NE Mountain Lake Dr, Belfair, WA, US",47.52052,-122.827,"Polystichum munitum","western sword fern","Poor","Collapse of Some Fronds",35,"Rural","Medium (moderately used trails, etc)","Upland or well drained","Inside a forest canopy","Middle of a slope",65,"No there are not any new plants","belfair site 2, fern 3","","Dead","",NA,NA,NA,NA,NA,NA,NA,NA,NA,NA,NA,NA,NA,NA,NA,NA,NA,NA,NA,NA,NA,NA,NA,NA,NA,NA,NA,NA,NA,NA,"FZJ086","2 Soil","2/27/25","figgywiggums","https://www.inaturalist.org/observations/263295333","NE Mountain Lake Dr, Belfair, WA, US",47.52052,-122.827,"Polystichum munitum","western sword fern","Poor","Collapse of Some Fronds",35,"Rural","Medium (moderately used trails, etc)","Upland or well drained","Inside a forest canopy","Middle of a slope",65,"No there are not any new plants","belfair site 2, fern 3","","Dead",""
"169","FZJ087-1 Soil","4/10/25","5/1/25","4/18/25","V8 Broth Racks & Soil Swordfern Isolates","final","","","Pythium attrantheridium","yes","V8B","","1 Soil","2/27/25","figgywiggums","https://www.inaturalist.org/observations/263391626","NE Mountain Lake Dr, Belfair, WA, US",47.52045,-122.828,"Polystichum munitum","western sword fern","Fair","Collapse of Some Fronds",15,"Rural","Medium (moderately used trails, etc)","Upland or well drained","Forest edge","Lower slope",15,"Yes there are new plants","belfair site 3, fern 1","","Dying","","FHL0177","FZJ087","1","Field","Soil","Sword Fern Mortalilty","Sword Fern Field Samples","","5/1/25","Prepman","22.3","","6/10/25","","y","Y",NA,"","Pythium attrantheridium","","Pythium","Oomycete",NA,"Pythium",NA,"Pythium attrantheridium","","","","Pythium sp.","FZJ087","1 Soil","2/27/25","figgywiggums","https://www.inaturalist.org/observations/263391626","NE Mountain Lake Dr, Belfair, WA, US",47.52045,-122.828,"Polystichum munitum","western sword fern","Fair","Collapse of Some Fronds",15,"Rural","Medium (moderately used trails, etc)","Upland or well drained","Forest edge","Lower slope",15,"Yes there are new plants","belfair site 3, fern 1","","Dying",""
"170","FZJ088-1 Soil","4/9/25","5/1/25","4/18/25","V8 Broth Racks & Soil Swordfern Isolates","final","","","Pythium attrantheridium","yes","V8B","","1 Soil","2/27/25","figgywiggums","https://www.inaturalist.org/observations/263391626","NE Mountain Lake Dr, Belfair, WA, US",47.52045,-122.828,"Polystichum munitum","western sword fern","Fair","Collapse of Some Fronds",15,"Rural","Medium (moderately used trails, etc)","Upland or well drained","Forest edge","Lower slope",15,"Yes there are new plants","belfair site 3, fern 2","Yes","Dying","","FHL0178","FZJ088","1","Field","Soil","Sword Fern Mortalilty","Sword Fern Field Samples","","5/1/25","Prepman","23.1","","6/10/25","","y","Y",NA,"","Pythium attrantheridium","","Pythium","Oomycete",NA,"Pythium",NA,"Pythium attrantheridium","","","","Pythium sp.","FZJ088","1 Soil","2/27/25","figgywiggums","https://www.inaturalist.org/observations/263391626","NE Mountain Lake Dr, Belfair, WA, US",47.52045,-122.828,"Polystichum munitum","western sword fern","Fair","Collapse of Some Fronds",15,"Rural","Medium (moderately used trails, etc)","Upland or well drained","Forest edge","Lower slope",15,"Yes there are new plants","belfair site 3, fern 2","Yes","Dying",""
"171","FZJ088-2 Soil","","5/1/25","4/18/25","V8 Broth Racks & Soil Swordfern Isolates","final","Y","Group 26","Phytophthora plurivora","yes","V8B",".","2 Soil","2/27/25","figgywiggums","https://www.inaturalist.org/observations/263391626","NE Mountain Lake Dr, Belfair, WA, US",47.52045,-122.828,"Polystichum munitum","western sword fern","Fair","Collapse of Some Fronds",15,"Rural","Medium (moderately used trails, etc)","Upland or well drained","Forest edge","Lower slope",15,"Yes there are new plants","belfair site 3, fern 2","Yes","Dying","","FHL0179","FZJ088","2","Field","Soil","Sword Fern Mortalilty","Sword Fern Field Samples","","5/1/25","Prepman","14","","5/22/25","","y","Y",NA,"","Phytophthora plurivora","","Phytophthora","Oomycete",NA,"Phytophthora",2,"Phytophthora plurivora","","P. citricola","Phytophthora plurivora","Phytophthora plurivora","FZJ088","2 Soil","2/27/25","figgywiggums","https://www.inaturalist.org/observations/263391626","NE Mountain Lake Dr, Belfair, WA, US",47.52045,-122.828,"Polystichum munitum","western sword fern","Fair","Collapse of Some Fronds",15,"Rural","Medium (moderately used trails, etc)","Upland or well drained","Forest edge","Lower slope",15,"Yes there are new plants","belfair site 3, fern 2","Yes","Dying",""
"172","FZJ089-1 Soil","4/9/25","5/1/25","4/18/25","V8 Broth Racks & Soil Swordfern Isolates","final","Y","","Phytophthora attenuata","yes","V8B",".","1 Soil","2/27/25","figgywiggums","https://www.inaturalist.org/observations/263391626","NE Mountain Lake Dr, Belfair, WA, US",47.52045,-122.828,"Polystichum munitum","western sword fern","Fair","Collapse of Some Fronds",15,"Rural","Medium (moderately used trails, etc)","Upland or well drained","Forest edge","Lower slope",15,"Yes there are new plants","belfair site 3, fern 3","Yes","Healthy","","FHL0180","FZJ089","1","Field","Soil","Sword Fern Mortalilty","Sword Fern Field Samples","","5/1/25","Prepman","9.34","","5/22/25","","y","Y",NA,"","Phytophthora attenuata","","Phytophthora","Oomycete",NA,"Phytophthora",7,"Phytophthora cambivora","","P. abietivora","Phytophthora attenuata","Phytophthora attenuata","FZJ089","1 Soil","2/27/25","figgywiggums","https://www.inaturalist.org/observations/263391626","NE Mountain Lake Dr, Belfair, WA, US",47.52045,-122.828,"Polystichum munitum","western sword fern","Fair","Collapse of Some Fronds",15,"Rural","Medium (moderately used trails, etc)","Upland or well drained","Forest edge","Lower slope",15,"Yes there are new plants","belfair site 3, fern 3","Yes","Healthy",""
"173","FZJ090-1 Soil","","","4/22/25","Soil Swordfern Isolates on PARPHV8","secondary","","","Phytophthora pseudosyringae","no","PARPHV8","","1 Soil","2/27/25","figgywiggums","https://www.inaturalist.org/observations/263786295","NE Mountain Lake Dr, Belfair, WA, US",47.5202,-122.828,"Polystichum munitum","western sword fern","No Selection","No Selection",15,"Rural","Medium (moderately used trails, etc)","Seasonally flooded area","Forest edge","Floodplain or valley bottom",7,"Yes there are new plants","belfair site 4, fern 1","Yes","Dying ","","FHL0231","FZJ090","1","Field","Soil","Sword Fern Mortalilty","Sword Fern Field Samples","","6/4/25","Prepman","0.345","","6/12/25","","y","Y",NA,"","Phytophthora pseudosyringae","","Phytophthora","Oomycete",NA,"Phytophthora",3,"Phytophthora pseudosyringae","","P. pseudosyringae","Phytophthora pseudosyringae","Phytophthora pseudosyringae","FZJ090","1 Soil","2/27/25","figgywiggums","https://www.inaturalist.org/observations/263786295","NE Mountain Lake Dr, Belfair, WA, US",47.5202,-122.828,"Polystichum munitum","western sword fern","No Selection","No Selection",15,"Rural","Medium (moderately used trails, etc)","Seasonally flooded area","Forest edge","Floodplain or valley bottom",7,"Yes there are new plants","belfair site 4, fern 1","Yes","Dying ",""
"174","FZJ090-2 Soil","4/9/25","5/1/25","4/18/25","V8 Broth Racks & Soil Swordfern Isolates","final","","","Pythium senticosum","yes","V8B","","2 Soil","2/27/25","figgywiggums","https://www.inaturalist.org/observations/263786295","NE Mountain Lake Dr, Belfair, WA, US",47.5202,-122.828,"Polystichum munitum","western sword fern","No Selection","No Selection",15,"Rural","Medium (moderately used trails, etc)","Seasonally flooded area","Forest edge","Floodplain or valley bottom",7,"Yes there are new plants","belfair site 4, fern 1","Yes","Dying ","","FHL0181","FZJ090","2","Field","Soil","Sword Fern Mortalilty","Sword Fern Field Samples","","5/1/25","Prepman","24.7","","6/10/25","","y","Y",NA,"","Pythium senticosum","","Pythium","Oomycete",NA,"Pythium",NA,"","","","","Pythium sp.","FZJ090","2 Soil","2/27/25","figgywiggums","https://www.inaturalist.org/observations/263786295","NE Mountain Lake Dr, Belfair, WA, US",47.5202,-122.828,"Polystichum munitum","western sword fern","No Selection","No Selection",15,"Rural","Medium (moderately used trails, etc)","Seasonally flooded area","Forest edge","Floodplain or valley bottom",7,"Yes there are new plants","belfair site 4, fern 1","Yes","Dying ",""
"175","FZJ090-3 Soil","4/11/25","5/1/25","4/18/25","V8 Broth Racks & Soil Swordfern Isolates","final","","","Phytopythium sp. 1","yes","V8B","","3 Soil","2/27/25","figgywiggums","https://www.inaturalist.org/observations/263786295","NE Mountain Lake Dr, Belfair, WA, US",47.5202,-122.828,"Polystichum munitum","western sword fern","No Selection","No Selection",15,"Rural","Medium (moderately used trails, etc)","Seasonally flooded area","Forest edge","Floodplain or valley bottom",7,"Yes there are new plants","belfair site 4, fern 1","Yes","Dying ","","FHL0182","FZJ090","3","Field","Soil","Sword Fern Mortalilty","Sword Fern Field Samples","","5/1/25","Prepman","10.5","","6/10/25","","y","Y",NA,"","Phytopythium sp. 1","","Phytopythium","Oomycete",NA,"Phytopythium",NA,"","","","","Phytopythium sp.","FZJ090","3 Soil","2/27/25","figgywiggums","https://www.inaturalist.org/observations/263786295","NE Mountain Lake Dr, Belfair, WA, US",47.5202,-122.828,"Polystichum munitum","western sword fern","No Selection","No Selection",15,"Rural","Medium (moderately used trails, etc)","Seasonally flooded area","Forest edge","Floodplain or valley bottom",7,"Yes there are new plants","belfair site 4, fern 1","Yes","Dying ",""
"176","FZJ091-1 Soil","","5/1/25","4/18/25","V8 Broth Racks & Soil Swordfern Isolates","final","","Group 12","Pythium senticosum","yes","V8B","","1 Soil","2/27/25","figgywiggums","https://www.inaturalist.org/observations/263786295","NE Mountain Lake Dr, Belfair, WA, US",47.5202,-122.828,"Polystichum munitum","western sword fern","No Selection","No Selection",15,"Rural","Medium (moderately used trails, etc)","Seasonally flooded area","Forest edge","Floodplain or valley bottom",7,"Yes there are new plants","belfair site 4, fern 2","Yes, overgrown","Healthy","","FHL0183","FZJ091","1","Field","Soil","Sword Fern Mortalilty","Sword Fern Field Samples","","5/1/25","Prepman","20.2","","6/10/25","","y","Y",NA,"","Pythium senticosum","","Pythium","Oomycete",NA,"Pythium",NA,"","","","","Pythium sp.","FZJ091","1 Soil","2/27/25","figgywiggums","https://www.inaturalist.org/observations/263786295","NE Mountain Lake Dr, Belfair, WA, US",47.5202,-122.828,"Polystichum munitum","western sword fern","No Selection","No Selection",15,"Rural","Medium (moderately used trails, etc)","Seasonally flooded area","Forest edge","Floodplain or valley bottom",7,"Yes there are new plants","belfair site 4, fern 2","Yes, overgrown","Healthy",""
"177","FZJ091-2 Soil","","","4/18/25","V8 Broth Racks & Soil Swordfern Isolates","final","","Group 12","Pythium senticosum","yes","V8B","","2 Soil","2/27/25","figgywiggums","https://www.inaturalist.org/observations/263786295","NE Mountain Lake Dr, Belfair, WA, US",47.5202,-122.828,"Polystichum munitum","western sword fern","No Selection","No Selection",15,"Rural","Medium (moderately used trails, etc)","Seasonally flooded area","Forest edge","Floodplain or valley bottom",7,"Yes there are new plants","belfair site 4, fern 2","Yes, overgrown","Healthy","",NA,NA,NA,NA,NA,NA,NA,NA,NA,NA,NA,NA,NA,NA,NA,NA,NA,NA,NA,NA,NA,NA,NA,NA,NA,NA,NA,NA,NA,NA,"FZJ091","2 Soil","2/27/25","figgywiggums","https://www.inaturalist.org/observations/263786295","NE Mountain Lake Dr, Belfair, WA, US",47.5202,-122.828,"Polystichum munitum","western sword fern","No Selection","No Selection",15,"Rural","Medium (moderately used trails, etc)","Seasonally flooded area","Forest edge","Floodplain or valley bottom",7,"Yes there are new plants","belfair site 4, fern 2","Yes, overgrown","Healthy",""
"178","FZJ092-1 Soil","4/14/25","","","","","","","","","","","1 Soil","2/27/25","figgywiggums","https://www.inaturalist.org/observations/263786295","NE Mountain Lake Dr, Belfair, WA, US",47.5202,-122.828,"Polystichum munitum","western sword fern","No Selection","No Selection",15,"Rural","Medium (moderately used trails, etc)","Seasonally flooded area","Forest edge","Floodplain or valley bottom",7,"Yes there are new plants","belfair site 4, fern 3","","Dead","",NA,NA,NA,NA,NA,NA,NA,NA,NA,NA,NA,NA,NA,NA,NA,NA,NA,NA,NA,NA,NA,NA,NA,NA,NA,NA,NA,NA,NA,NA,"FZJ092","1 Soil","2/27/25","figgywiggums","https://www.inaturalist.org/observations/263786295","NE Mountain Lake Dr, Belfair, WA, US",47.5202,-122.828,"Polystichum munitum","western sword fern","No Selection","No Selection",15,"Rural","Medium (moderately used trails, etc)","Seasonally flooded area","Forest edge","Floodplain or valley bottom",7,"Yes there are new plants","belfair site 4, fern 3","","Dead",""
"179","FZJ093-1 Soil","4/9/25","","4/18/25","V8 Broth Racks & Soil Swordfern Isolates","final","Y","Group 26","Phytophthora plurivora","yes","V8B","","1 Soil","3/3/25","figgywiggums","https://www.inaturalist.org/observations/263787239","Tradition Plateau NRCA, Issaquah, WA, US",47.53158,-121.999,"Polystichum munitum","western sword fern","Fair","Collapse of Some Fronds",8,"Rural","Medium (moderately used trails, etc)","Seasonally flooded area","Forest edge","Lower slope",20,"No there are not any new plants","swamp trail site 1, fern 1","Yes","Healthy","",NA,NA,NA,NA,NA,NA,NA,NA,NA,NA,NA,NA,NA,NA,NA,NA,NA,NA,NA,NA,NA,NA,NA,NA,NA,NA,NA,NA,NA,NA,"FZJ093","1 Soil","3/3/25","figgywiggums","https://www.inaturalist.org/observations/263787239","Tradition Plateau NRCA, Issaquah, WA, US",47.53158,-121.999,"Polystichum munitum","western sword fern","Fair","Collapse of Some Fronds",8,"Rural","Medium (moderately used trails, etc)","Seasonally flooded area","Forest edge","Lower slope",20,"No there are not any new plants","swamp trail site 1, fern 1","Yes","Healthy",""
"180","FZJ093-2 Soil","","","4/18/25","V8 Broth Racks & Soil Swordfern Isolates","final","Y","Group 13","Phytophthora plurivora","yes","V8B",".","2 Soil","3/3/25","figgywiggums","https://www.inaturalist.org/observations/263787239","Tradition Plateau NRCA, Issaquah, WA, US",47.53158,-121.999,"Polystichum munitum","western sword fern","Fair","Collapse of Some Fronds",8,"Rural","Medium (moderately used trails, etc)","Seasonally flooded area","Forest edge","Lower slope",20,"No there are not any new plants","swamp trail site 1, fern 1","Yes","Healthy","",NA,NA,NA,NA,NA,NA,NA,NA,NA,NA,NA,NA,NA,NA,NA,NA,NA,NA,NA,NA,NA,NA,NA,NA,NA,NA,NA,NA,NA,NA,"FZJ093","2 Soil","3/3/25","figgywiggums","https://www.inaturalist.org/observations/263787239","Tradition Plateau NRCA, Issaquah, WA, US",47.53158,-121.999,"Polystichum munitum","western sword fern","Fair","Collapse of Some Fronds",8,"Rural","Medium (moderately used trails, etc)","Seasonally flooded area","Forest edge","Lower slope",20,"No there are not any new plants","swamp trail site 1, fern 1","Yes","Healthy",""
"181","FZJ094-1 Soil","","","4/18/25","V8 Broth Racks & Soil Swordfern Isolates","final","Y","Group 26","Phytophthora plurivora","yes","V8B",".","1 Soil","3/3/25","figgywiggums","https://www.inaturalist.org/observations/263787239","Tradition Plateau NRCA, Issaquah, WA, US",47.53158,-121.999,"Polystichum munitum","western sword fern","Fair","Collapse of Some Fronds",8,"Rural","Medium (moderately used trails, etc)","Seasonally flooded area","Forest edge","Lower slope",20,"No there are not any new plants","swamp trail site 1, fern 2","Yes","Dying ","",NA,NA,NA,NA,NA,NA,NA,NA,NA,NA,NA,NA,NA,NA,NA,NA,NA,NA,NA,NA,NA,NA,NA,NA,NA,NA,NA,NA,NA,NA,"FZJ094","1 Soil","3/3/25","figgywiggums","https://www.inaturalist.org/observations/263787239","Tradition Plateau NRCA, Issaquah, WA, US",47.53158,-121.999,"Polystichum munitum","western sword fern","Fair","Collapse of Some Fronds",8,"Rural","Medium (moderately used trails, etc)","Seasonally flooded area","Forest edge","Lower slope",20,"No there are not any new plants","swamp trail site 1, fern 2","Yes","Dying ",""
"182","FZJ095-1 Soil","","5/1/25","4/18/25","V8 Broth Racks & Soil Swordfern Isolates","final","","","Globisporangium intermedium","yes","V8B","","1 Soil","3/3/25","figgywiggums","https://www.inaturalist.org/observations/263787239","Tradition Plateau NRCA, Issaquah, WA, US",47.53158,-121.999,"Polystichum munitum","western sword fern","Fair","Collapse of Some Fronds",8,"Rural","Medium (moderately used trails, etc)","Seasonally flooded area","Forest edge","Lower slope",20,"No there are not any new plants","swamp trail site 1, fern 3","Yes","Dead","","FHL0184","FZJ095","1","Field","Soil","Sword Fern Mortalilty","Sword Fern Field Samples","","5/1/25","Prepman","32.4","","6/10/25","","y","Y",NA,"","Globisporangium intermedium","","Globisporangium","Oomycete",NA,"Pythium",NA,"Globisporangium intermedium","","","","Pythium sp.","FZJ095","1 Soil","3/3/25","figgywiggums","https://www.inaturalist.org/observations/263787239","Tradition Plateau NRCA, Issaquah, WA, US",47.53158,-121.999,"Polystichum munitum","western sword fern","Fair","Collapse of Some Fronds",8,"Rural","Medium (moderately used trails, etc)","Seasonally flooded area","Forest edge","Lower slope",20,"No there are not any new plants","swamp trail site 1, fern 3","Yes","Dead",""
"183","FZJ095-2 Soil","4/9/25","","4/18/25","V8 Broth Racks & Soil Swordfern Isolates","final","Y","Group 26","Phytophthora plurivora","yes","V8B",".","2 Soil","3/3/25","figgywiggums","https://www.inaturalist.org/observations/263787239","Tradition Plateau NRCA, Issaquah, WA, US",47.53158,-121.999,"Polystichum munitum","western sword fern","Fair","Collapse of Some Fronds",8,"Rural","Medium (moderately used trails, etc)","Seasonally flooded area","Forest edge","Lower slope",20,"No there are not any new plants","swamp trail site 1, fern 3","Yes","Dead","",NA,NA,NA,NA,NA,NA,NA,NA,NA,NA,NA,NA,NA,NA,NA,NA,NA,NA,NA,NA,NA,NA,NA,NA,NA,NA,NA,NA,NA,NA,"FZJ095","2 Soil","3/3/25","figgywiggums","https://www.inaturalist.org/observations/263787239","Tradition Plateau NRCA, Issaquah, WA, US",47.53158,-121.999,"Polystichum munitum","western sword fern","Fair","Collapse of Some Fronds",8,"Rural","Medium (moderately used trails, etc)","Seasonally flooded area","Forest edge","Lower slope",20,"No there are not any new plants","swamp trail site 1, fern 3","Yes","Dead",""
"184","FZJ096-1 Soil","","5/1/25","4/18/25","V8 Broth Racks & Soil Swordfern Isolates","final","Y","Group 13","Phytophthora plurivora","yes","V8B",".","1 Soil","3/3/25","figgywiggums","https://www.inaturalist.org/observations/263900510","Tradition Plateau NRCA, Issaquah, WA, US",47.53171,-122.002,"Polystichum munitum","western sword fern","Fair","Multiple Symptoms (Please describe in Notes)",15,"Rural","Medium (moderately used trails, etc)","Upland or well drained","Forest edge","Lower slope",5,"Yes there are new plants","swamp trail site 2, fern 1","Yes","Dying ","","FHL0185","FZJ096","1","Field","Soil","Sword Fern Mortalilty","Sword Fern Field Samples","","5/1/25","Prepman","9.43","","5/22/25","","y","Y",NA,"","Phytophthora plurivora","","Phytophthora","Oomycete",NA,"Phytophthora ",2,"Phytophthora plurivora","","P. plurivora","Phytophthora plurivora","Phytophthora plurivora","FZJ096","1 Soil","3/3/25","figgywiggums","https://www.inaturalist.org/observations/263900510","Tradition Plateau NRCA, Issaquah, WA, US",47.53171,-122.002,"Polystichum munitum","western sword fern","Fair","Multiple Symptoms (Please describe in Notes)",15,"Rural","Medium (moderately used trails, etc)","Upland or well drained","Forest edge","Lower slope",5,"Yes there are new plants","swamp trail site 2, fern 1","Yes","Dying ",""
"185","FZJ097-1 Soil","","","4/18/25","V8 Broth Racks & Soil Swordfern Isolates","final","Y","Group 26","Phytophthora plurivora","yes","V8B",".","1 Soil","3/3/25","figgywiggums","https://www.inaturalist.org/observations/263900510","Tradition Plateau NRCA, Issaquah, WA, US",47.53171,-122.002,"Polystichum munitum","western sword fern","Fair","Multiple Symptoms (Please describe in Notes)",15,"Rural","Medium (moderately used trails, etc)","Upland or well drained","Forest edge","Lower slope",5,"Yes there are new plants","swamp trail site 2, fern 2","","Healthy","",NA,NA,NA,NA,NA,NA,NA,NA,NA,NA,NA,NA,NA,NA,NA,NA,NA,NA,NA,NA,NA,NA,NA,NA,NA,NA,NA,NA,NA,NA,"FZJ097","1 Soil","3/3/25","figgywiggums","https://www.inaturalist.org/observations/263900510","Tradition Plateau NRCA, Issaquah, WA, US",47.53171,-122.002,"Polystichum munitum","western sword fern","Fair","Multiple Symptoms (Please describe in Notes)",15,"Rural","Medium (moderately used trails, etc)","Upland or well drained","Forest edge","Lower slope",5,"Yes there are new plants","swamp trail site 2, fern 2","","Healthy",""
"186","FZJ097-2 Soil","","","4/18/25","V8 Broth Racks & Soil Swordfern Isolates","final","Y","Group 26","Phytophthora plurivora","yes","V8B",".","2 Soil","3/3/25","figgywiggums","https://www.inaturalist.org/observations/263900510","Tradition Plateau NRCA, Issaquah, WA, US",47.53171,-122.002,"Polystichum munitum","western sword fern","Fair","Multiple Symptoms (Please describe in Notes)",15,"Rural","Medium (moderately used trails, etc)","Upland or well drained","Forest edge","Lower slope",5,"Yes there are new plants","swamp trail site 2, fern 2","","Healthy","",NA,NA,NA,NA,NA,NA,NA,NA,NA,NA,NA,NA,NA,NA,NA,NA,NA,NA,NA,NA,NA,NA,NA,NA,NA,NA,NA,NA,NA,NA,"FZJ097","2 Soil","3/3/25","figgywiggums","https://www.inaturalist.org/observations/263900510","Tradition Plateau NRCA, Issaquah, WA, US",47.53171,-122.002,"Polystichum munitum","western sword fern","Fair","Multiple Symptoms (Please describe in Notes)",15,"Rural","Medium (moderately used trails, etc)","Upland or well drained","Forest edge","Lower slope",5,"Yes there are new plants","swamp trail site 2, fern 2","","Healthy",""
"187","FZJ097-3 Soil","4/10/25","5/1/25","4/18/25","V8 Broth Racks & Soil Swordfern Isolates","final","","","Globisporangium intermedium","yes","V8B","","3 Soil","3/3/25","figgywiggums","https://www.inaturalist.org/observations/263900510","Tradition Plateau NRCA, Issaquah, WA, US",47.53171,-122.002,"Polystichum munitum","western sword fern","Fair","Multiple Symptoms (Please describe in Notes)",15,"Rural","Medium (moderately used trails, etc)","Upland or well drained","Forest edge","Lower slope",5,"Yes there are new plants","swamp trail site 2, fern 2","","Healthy","","FHL0186","","","Field","","Sword Fern Mortalilty","Sword Fern Field Samples","","3/4/26","Zymo Fungal/Bacterial","0.146","","","","","",NA,"","","","","",NA,"",NA,"","","","","","FZJ097","3 Soil","3/3/25","figgywiggums","https://www.inaturalist.org/observations/263900510","Tradition Plateau NRCA, Issaquah, WA, US",47.53171,-122.002,"Polystichum munitum","western sword fern","Fair","Multiple Symptoms (Please describe in Notes)",15,"Rural","Medium (moderately used trails, etc)","Upland or well drained","Forest edge","Lower slope",5,"Yes there are new plants","swamp trail site 2, fern 2","","Healthy",""
"188","FZJ098-1 Soil","","5/1/25","4/18/25","V8 Broth Racks & Soil Swordfern Isolates","final","","","Pythium attrantheridium","yes","V8B","","1 Soil","3/3/25","figgywiggums","https://www.inaturalist.org/observations/263900510","Tradition Plateau NRCA, Issaquah, WA, US",47.53171,-122.002,"Polystichum munitum","western sword fern","Fair","Multiple Symptoms (Please describe in Notes)",15,"Rural","Medium (moderately used trails, etc)","Upland or well drained","Forest edge","Lower slope",5,"Yes there are new plants","swamp trail site 2, fern 3","","Dead","","FHL0187","FZJ098","1","Field","Soil","Sword Fern Mortalilty","Sword Fern Field Samples","","5/1/25","Prepman","22.3","","6/12/25","","","Y",NA,"","Pythium attrantheridium","","Pythium","Oomycete",NA,"Pythium",NA,"Pythium attrantheridium","","","","Pythium sp.","FZJ098","1 Soil","3/3/25","figgywiggums","https://www.inaturalist.org/observations/263900510","Tradition Plateau NRCA, Issaquah, WA, US",47.53171,-122.002,"Polystichum munitum","western sword fern","Fair","Multiple Symptoms (Please describe in Notes)",15,"Rural","Medium (moderately used trails, etc)","Upland or well drained","Forest edge","Lower slope",5,"Yes there are new plants","swamp trail site 2, fern 3","","Dead",""
"189","FZJ098-2 Soil","","","4/18/25","V8 Broth Racks & Soil Swordfern Isolates","final","Y","Group 13","Phytophthora plurivora","yes","V8B",".","2 Soil","3/3/25","figgywiggums","https://www.inaturalist.org/observations/263900510","Tradition Plateau NRCA, Issaquah, WA, US",47.53171,-122.002,"Polystichum munitum","western sword fern","Fair","Multiple Symptoms (Please describe in Notes)",15,"Rural","Medium (moderately used trails, etc)","Upland or well drained","Forest edge","Lower slope",5,"Yes there are new plants","swamp trail site 2, fern 3","","Dead","","FHL0187","","","Field","","Sword Fern Mortalilty","Sword Fern Field Samples","","3/4/26","Zymo Fungal/Bacterial","0.398","","","","","",NA,"","","","","",NA,"",NA,"","","","","","FZJ098","2 Soil","3/3/25","figgywiggums","https://www.inaturalist.org/observations/263900510","Tradition Plateau NRCA, Issaquah, WA, US",47.53171,-122.002,"Polystichum munitum","western sword fern","Fair","Multiple Symptoms (Please describe in Notes)",15,"Rural","Medium (moderately used trails, etc)","Upland or well drained","Forest edge","Lower slope",5,"Yes there are new plants","swamp trail site 2, fern 3","","Dead",""
"190","FZJ098-3 Soil","4/11/25","","4/18/25","V8 Broth Racks & Soil Swordfern Isolates","final","Y","Group 13","Phytophthora plurivora","yes","V8B",".","3 Soil","3/3/25","figgywiggums","https://www.inaturalist.org/observations/263900510","Tradition Plateau NRCA, Issaquah, WA, US",47.53171,-122.002,"Polystichum munitum","western sword fern","Fair","Multiple Symptoms (Please describe in Notes)",15,"Rural","Medium (moderately used trails, etc)","Upland or well drained","Forest edge","Lower slope",5,"Yes there are new plants","swamp trail site 2, fern 3","","Dead","",NA,NA,NA,NA,NA,NA,NA,NA,NA,NA,NA,NA,NA,NA,NA,NA,NA,NA,NA,NA,NA,NA,NA,NA,NA,NA,NA,NA,NA,NA,"FZJ098","3 Soil","3/3/25","figgywiggums","https://www.inaturalist.org/observations/263900510","Tradition Plateau NRCA, Issaquah, WA, US",47.53171,-122.002,"Polystichum munitum","western sword fern","Fair","Multiple Symptoms (Please describe in Notes)",15,"Rural","Medium (moderately used trails, etc)","Upland or well drained","Forest edge","Lower slope",5,"Yes there are new plants","swamp trail site 2, fern 3","","Dead",""
"191","FZJ100-1 Soil","4/9/25","5/1/25","4/18/25","V8 Broth Racks & Soil Swordfern Isolates","final","","","Pythium attrantheridium","yes","V8B","","1 Soil","3/3/25","figgywiggums","https://www.inaturalist.org/observations/263900572","Tradition Plateau NRCA, Issaquah, WA, US",47.53183,-122.003,"Polystichum munitum","western sword fern","Poor","Multiple Symptoms (Please describe in Notes)",40,"Rural","Medium (moderately used trails, etc)","Upland or well drained","Forest edge","Lower slope",50,"Yes there are new plants","Swamp trail site 3, fern 2","","Dying ","","FHL0188","FZJ100","1","Field","Soil","Sword Fern Mortalilty","Sword Fern Field Samples","","5/1/25","Prepman","22.7","","6/12/25","","","Y",NA,"","Pythium attrantheridium","","Pythium","Oomycete",NA,"Pythium",NA,"Pythium attrantheridium","","","","Pythium sp.","FZJ100","1 Soil","3/3/25","figgywiggums","https://www.inaturalist.org/observations/263900572","Tradition Plateau NRCA, Issaquah, WA, US",47.53183,-122.003,"Polystichum munitum","western sword fern","Poor","Multiple Symptoms (Please describe in Notes)",40,"Rural","Medium (moderately used trails, etc)","Upland or well drained","Forest edge","Lower slope",50,"Yes there are new plants","Swamp trail site 3, fern 2","","Dying ",""
"192","FZJ100-2 Soil","","5/6/25","4/18/25","V8 Broth Racks & Soil Swordfern Isolates","final","","","Phytophthora nemrosa","yes","V8B","","2 Soil","3/3/25","figgywiggums","https://www.inaturalist.org/observations/263900572","Tradition Plateau NRCA, Issaquah, WA, US",47.53183,-122.003,"Polystichum munitum","western sword fern","Poor","Multiple Symptoms (Please describe in Notes)",40,"Rural","Medium (moderately used trails, etc)","Upland or well drained","Forest edge","Lower slope",50,"Yes there are new plants","Swamp trail site 3, fern 2","","Dying ","","FHL0189","FZJ100","2","Field","Soil","Sword Fern Mortalilty","Sword Fern Field Samples","","5/6/25","Prepman","9.87","","6/12/25","","y","Y",NA,"","Phytophthora nemrosa","","Phytophthora","Oomycete",NA,"Phytophthora",3,"Phytophthora pseudosyringae","","P. pseudosyringae","Phytophthora nemorosa","Phytophthora nemorosa","FZJ100","2 Soil","3/3/25","figgywiggums","https://www.inaturalist.org/observations/263900572","Tradition Plateau NRCA, Issaquah, WA, US",47.53183,-122.003,"Polystichum munitum","western sword fern","Poor","Multiple Symptoms (Please describe in Notes)",40,"Rural","Medium (moderately used trails, etc)","Upland or well drained","Forest edge","Lower slope",50,"Yes there are new plants","Swamp trail site 3, fern 2","","Dying ",""
"193","FZJ102-1 Soil","4/14/25","","4/14/25","Soil Swordfern Isolates on PARPHV8","secondary","","","Mortierella","no","PARPHV8","","1 Soil","3/3/25","figgywiggums","https://www.inaturalist.org/observations/263900616","Tradition Plateau NRCA, Issaquah, WA, US",47.53243,-122.007,"Polystichum munitum","western sword fern","Good","Healthy",2,"Rural","Medium (moderately used trails, etc)","Upland or well drained","Forest edge","Lower slope",3,"No there are not any new plants","swamp trail site 4, fern 1","","Healthy","","FHL0228","FZJ102","1","Field","Soil","Sword Fern Mortalilty","Sword Fern Field Samples","","6/4/25","Prepman","1.67","","6/12/25","","","Y",NA,"","","","","Fungi",NA,"Fungal",NA,"","","","","","FZJ102","1 Soil","3/3/25","figgywiggums","https://www.inaturalist.org/observations/263900616","Tradition Plateau NRCA, Issaquah, WA, US",47.53243,-122.007,"Polystichum munitum","western sword fern","Good","Healthy",2,"Rural","Medium (moderately used trails, etc)","Upland or well drained","Forest edge","Lower slope",3,"No there are not any new plants","swamp trail site 4, fern 1","","Healthy",""
"194","FZJ104-1 Soil","","5/6/25","4/18/25","V8 Broth Racks & Soil Swordfern Isolates","final","","","Pythium attrantheridium","yes","V8B","","1 Soil","3/3/25","figgywiggums","https://www.inaturalist.org/observations/263900616","Tradition Plateau NRCA, Issaquah, WA, US",47.53243,-122.007,"Polystichum munitum","western sword fern","Good","Healthy",2,"Rural","Medium (moderately used trails, etc)","Upland or well drained","Forest edge","Lower slope",3,"No there are not any new plants","swamp trail site 4,fern 3","","Healthy","","FHL0190","FZJ104","1","Field","Soil","Sword Fern Mortalilty","Sword Fern Field Samples","","5/6/25","Prepman","35.8","","6/12/25","","","Y",NA,"","Pythium attrantheridium","","Pythium","Oomycete",NA,"Pythium",NA,"Pythium attrantheridium","","","","Pythium sp.","FZJ104","1 Soil","3/3/25","figgywiggums","https://www.inaturalist.org/observations/263900616","Tradition Plateau NRCA, Issaquah, WA, US",47.53243,-122.007,"Polystichum munitum","western sword fern","Good","Healthy",2,"Rural","Medium (moderately used trails, etc)","Upland or well drained","Forest edge","Lower slope",3,"No there are not any new plants","swamp trail site 4,fern 3","","Healthy",""
"195","FZJ104-2 Soil","4/14/25","5/6/25","4/18/25","V8 Broth Racks & Soil Swordfern Isolates","final","Y","","Mortierella","yes","V8B","","2 Soil","3/3/25","figgywiggums","https://www.inaturalist.org/observations/263900616","Tradition Plateau NRCA, Issaquah, WA, US",47.53243,-122.007,"Polystichum munitum","western sword fern","Good","Healthy",2,"Rural","Medium (moderately used trails, etc)","Upland or well drained","Forest edge","Lower slope",3,"No there are not any new plants","swamp trail site 4,fern 3","","Healthy","","FHL0191","FZJ104","2","Field","Soil","Sword Fern Mortalilty","Sword Fern Field Samples","","5/6/25","Prepman","11.5","","5/22/25","","y","Y",NA,"","","","","Fungi",NA,"Fungal",NA,"","","","","","FZJ104","2 Soil","3/3/25","figgywiggums","https://www.inaturalist.org/observations/263900616","Tradition Plateau NRCA, Issaquah, WA, US",47.53243,-122.007,"Polystichum munitum","western sword fern","Good","Healthy",2,"Rural","Medium (moderately used trails, etc)","Upland or well drained","Forest edge","Lower slope",3,"No there are not any new plants","swamp trail site 4,fern 3","","Healthy",""
"196","FZJ105-1 Soil","","5/6/25","4/18/25","V8 Broth Racks & Soil Swordfern Isolates","final","","","Pythium attrantheridium","yes","V8B","","1 Soil","3/3/25","figgywiggums","https://www.inaturalist.org/observations/263900677","Mercer Island, Mercer Island, WA, US",47.58366,-122.225,"Polystichum munitum","western sword fern","Good","Browning fronds",4,"Rural","Medium (moderately used trails, etc)","Upland or well drained","Inside a forest canopy","Middle of a slope",3,"Not Sure","Luther Burbank site 1, fern 1","","Dying ","","FHL0192","FZJ105","1","Field","Soil","Sword Fern Mortalilty","Sword Fern Field Samples","","5/6/25","Prepman","26.1","","6/12/25","","","Y",NA,"","Pythium attrantheridium","","Pythium","Oomycete",NA,"Pythium",NA,"Pythium attrantheridium","","","","Pythium sp.","FZJ105","1 Soil","3/3/25","figgywiggums","https://www.inaturalist.org/observations/263900677","Mercer Island, Mercer Island, WA, US",47.58366,-122.225,"Polystichum munitum","western sword fern","Good","Browning fronds",4,"Rural","Medium (moderately used trails, etc)","Upland or well drained","Inside a forest canopy","Middle of a slope",3,"Not Sure","Luther Burbank site 1, fern 1","","Dying ",""
"197","FZJ105-2 Soil","","5/6/25","4/18/25","V8 Broth Racks & Soil Swordfern Isolates","final","Y","Group 27","Phytophthora abietivora","yes","V8B",".","2 Soil","3/3/25","figgywiggums","https://www.inaturalist.org/observations/263900677","Mercer Island, Mercer Island, WA, US",47.58366,-122.225,"Polystichum munitum","western sword fern","Good","Browning fronds",4,"Rural","Medium (moderately used trails, etc)","Upland or well drained","Inside a forest canopy","Middle of a slope",3,"Not Sure","Luther Burbank site 1, fern 1","","Dying ","","FHL0193","FZJ105","2","Field","Soil","Sword Fern Mortalilty","Sword Fern Field Samples","","5/6/25","Prepman","29.3","","5/22/25","","y","Y",NA,"","Phytophthora flexuosa?","","Phytophthora","Oomycete",NA,"Phytophthora",7,"Phytophthora flexuosa","","P. abietivora","Phytophthora clade 7 sp. 1","Phytophthora clade 7 sp. 1","FZJ105","2 Soil","3/3/25","figgywiggums","https://www.inaturalist.org/observations/263900677","Mercer Island, Mercer Island, WA, US",47.58366,-122.225,"Polystichum munitum","western sword fern","Good","Browning fronds",4,"Rural","Medium (moderately used trails, etc)","Upland or well drained","Inside a forest canopy","Middle of a slope",3,"Not Sure","Luther Burbank site 1, fern 1","","Dying ",""
"198","FZJ105-3 Soil","4/10/25","5/6/25","4/18/25","V8 Broth Racks & Soil Swordfern Isolates","final","","","Pythium attrantheridium","yes","V8B","","3 Soil","3/3/25","figgywiggums","https://www.inaturalist.org/observations/263900677","Mercer Island, Mercer Island, WA, US",47.58366,-122.225,"Polystichum munitum","western sword fern","Good","Browning fronds",4,"Rural","Medium (moderately used trails, etc)","Upland or well drained","Inside a forest canopy","Middle of a slope",3,"Not Sure","Luther Burbank site 1, fern 1","","Dying ","","FHL0194","FZJ105","3","Field","Soil","Sword Fern Mortalilty","Sword Fern Field Samples","","5/6/25","Prepman","33.2","","6/12/25","","","Y",NA,"","Pythium attrantheridium","","Pythium","Oomycete",NA,"Pythium",NA,"Pythium attrantheridium","","","","Pythium sp.","FZJ105","3 Soil","3/3/25","figgywiggums","https://www.inaturalist.org/observations/263900677","Mercer Island, Mercer Island, WA, US",47.58366,-122.225,"Polystichum munitum","western sword fern","Good","Browning fronds",4,"Rural","Medium (moderately used trails, etc)","Upland or well drained","Inside a forest canopy","Middle of a slope",3,"Not Sure","Luther Burbank site 1, fern 1","","Dying ",""
"199","FZJ106-1 Root","","5/6/25","4/18/25","V8 Broth Racks & Soil Swordfern Isolates","final","","Group 27","Phytophthora abietivora","yes","V8B",".","1 Root","3/3/25","figgywiggums","https://www.inaturalist.org/observations/263900677","Mercer Island, Mercer Island, WA, US",47.58366,-122.225,"Polystichum munitum","western sword fern","Good","Browning fronds",4,"Rural","Medium (moderately used trails, etc)","Upland or well drained","Inside a forest canopy","Middle of a slope",3,"Not Sure","Luther Burbank site 1, fern 2","","Healthy","","FHL0195","FZJ106","1","Field","Root","Sword Fern Mortalilty","Sword Fern Field Samples","Y","5/6/25","Prepman","5.13","","5/8/2025, 5/16/25","","y","Y",NA,"","","","","Fungi",NA,"Fungal",NA,"","","","","","FZJ106","1 Root","3/3/25","figgywiggums","https://www.inaturalist.org/observations/263900677","Mercer Island, Mercer Island, WA, US",47.58366,-122.225,"Polystichum munitum","western sword fern","Good","Browning fronds",4,"Rural","Medium (moderately used trails, etc)","Upland or well drained","Inside a forest canopy","Middle of a slope",3,"Not Sure","Luther Burbank site 1, fern 2","","Healthy",""
"200","FZJ106-1 Root","","5/6/25","4/18/25","V8 Broth Racks & Soil Swordfern Isolates","final","","Group 27","Phytophthora abietivora","yes","V8B",".","1 Root","3/3/25","figgywiggums","https://www.inaturalist.org/observations/263900677","Mercer Island, Mercer Island, WA, US",47.58366,-122.225,"Polystichum munitum","western sword fern","Good","Browning fronds",4,"Rural","Medium (moderately used trails, etc)","Upland or well drained","Inside a forest canopy","Middle of a slope",3,"Not Sure","Luther Burbank site 1, fern 2","","Healthy","","FHL0486","","","Field","Root","Sword Fern Mortalilty","Sword Fern Field Samples","","5/20/26","Qiagen PlantPro","0.67","","6/10/26","","","",NA,"","","","","",NA,"",NA,"","","","","","FZJ106","1 Root","3/3/25","figgywiggums","https://www.inaturalist.org/observations/263900677","Mercer Island, Mercer Island, WA, US",47.58366,-122.225,"Polystichum munitum","western sword fern","Good","Browning fronds",4,"Rural","Medium (moderately used trails, etc)","Upland or well drained","Inside a forest canopy","Middle of a slope",3,"Not Sure","Luther Burbank site 1, fern 2","","Healthy",""
"201","FZJ106-1 Root","","5/6/25","3/17/25","Clean oomycetes on V8","final","","","Mortierella","N/A","V8","Clean oomycetes on V8","1 Root","3/3/25","figgywiggums","https://www.inaturalist.org/observations/263900677","Mercer Island, Mercer Island, WA, US",47.58366,-122.225,"Polystichum munitum","western sword fern","Good","Browning fronds",4,"Rural","Medium (moderately used trails, etc)","Upland or well drained","Inside a forest canopy","Middle of a slope",3,"Not Sure","Luther Burbank site 1, fern 2","","Healthy","","FHL0195","FZJ106","1","Field","Root","Sword Fern Mortalilty","Sword Fern Field Samples","Y","5/6/25","Prepman","5.13","","5/8/2025, 5/16/25","","y","Y",NA,"","","","","Fungi",NA,"Fungal",NA,"","","","","","FZJ106","1 Root","3/3/25","figgywiggums","https://www.inaturalist.org/observations/263900677","Mercer Island, Mercer Island, WA, US",47.58366,-122.225,"Polystichum munitum","western sword fern","Good","Browning fronds",4,"Rural","Medium (moderately used trails, etc)","Upland or well drained","Inside a forest canopy","Middle of a slope",3,"Not Sure","Luther Burbank site 1, fern 2","","Healthy",""
"202","FZJ106-1 Root","","5/6/25","3/17/25","Clean oomycetes on V8","final","","","Mortierella","N/A","V8","Clean oomycetes on V8","1 Root","3/3/25","figgywiggums","https://www.inaturalist.org/observations/263900677","Mercer Island, Mercer Island, WA, US",47.58366,-122.225,"Polystichum munitum","western sword fern","Good","Browning fronds",4,"Rural","Medium (moderately used trails, etc)","Upland or well drained","Inside a forest canopy","Middle of a slope",3,"Not Sure","Luther Burbank site 1, fern 2","","Healthy","","FHL0486","","","Field","Root","Sword Fern Mortalilty","Sword Fern Field Samples","","5/20/26","Qiagen PlantPro","0.67","","6/10/26","","","",NA,"","","","","",NA,"",NA,"","","","","","FZJ106","1 Root","3/3/25","figgywiggums","https://www.inaturalist.org/observations/263900677","Mercer Island, Mercer Island, WA, US",47.58366,-122.225,"Polystichum munitum","western sword fern","Good","Browning fronds",4,"Rural","Medium (moderately used trails, etc)","Upland or well drained","Inside a forest canopy","Middle of a slope",3,"Not Sure","Luther Burbank site 1, fern 2","","Healthy",""
"203","FZJ106-1 Soil","","","4/18/25","V8 Broth Racks & Soil Swordfern Isolates","final","Y","","unknown","yes","V8B","","1 Soil","3/3/25","figgywiggums","https://www.inaturalist.org/observations/263900677","Mercer Island, Mercer Island, WA, US",47.58366,-122.225,"Polystichum munitum","western sword fern","Good","Browning fronds",4,"Rural","Medium (moderately used trails, etc)","Upland or well drained","Inside a forest canopy","Middle of a slope",3,"Not Sure","Luther Burbank site 1, fern 2","","Healthy","",NA,NA,NA,NA,NA,NA,NA,NA,NA,NA,NA,NA,NA,NA,NA,NA,NA,NA,NA,NA,NA,NA,NA,NA,NA,NA,NA,NA,NA,NA,"FZJ106","1 Soil","3/3/25","figgywiggums","https://www.inaturalist.org/observations/263900677","Mercer Island, Mercer Island, WA, US",47.58366,-122.225,"Polystichum munitum","western sword fern","Good","Browning fronds",4,"Rural","Medium (moderately used trails, etc)","Upland or well drained","Inside a forest canopy","Middle of a slope",3,"Not Sure","Luther Burbank site 1, fern 2","","Healthy",""
"204","FZJ106-2 Root","","4/2/25","3/17/25","Clean oomycetes on V8","final","","","Mortierella","N/A","V8","Clean oomycetes on V8","2 Root","3/3/25","figgywiggums","https://www.inaturalist.org/observations/263900677","Mercer Island, Mercer Island, WA, US",47.58366,-122.225,"Polystichum munitum","western sword fern","Good","Browning fronds",4,"Rural","Medium (moderately used trails, etc)","Upland or well drained","Inside a forest canopy","Middle of a slope",3,"Not Sure","Luther Burbank site 1, fern 2","","Healthy","",NA,NA,NA,NA,NA,NA,NA,NA,NA,NA,NA,NA,NA,NA,NA,NA,NA,NA,NA,NA,NA,NA,NA,NA,NA,NA,NA,NA,NA,NA,"FZJ106","2 Root","3/3/25","figgywiggums","https://www.inaturalist.org/observations/263900677","Mercer Island, Mercer Island, WA, US",47.58366,-122.225,"Polystichum munitum","western sword fern","Good","Browning fronds",4,"Rural","Medium (moderately used trails, etc)","Upland or well drained","Inside a forest canopy","Middle of a slope",3,"Not Sure","Luther Burbank site 1, fern 2","","Healthy",""
"205","FZJ107-1 Soil","","","4/18/25","V8 Broth Racks & Soil Swordfern Isolates","final","Y","","unknown","yes","V8B","","1 Soil","3/3/25","figgywiggums","https://www.inaturalist.org/observations/263900677","Mercer Island, Mercer Island, WA, US",47.58366,-122.225,"Polystichum munitum","western sword fern","Good","Browning fronds",4,"Rural","Medium (moderately used trails, etc)","Upland or well drained","Inside a forest canopy","Middle of a slope",3,"Not Sure","Luther Burbank site 1, fern 3","Yes","Dead","","N/A","FZJ107","1","Field","Soil","Sword Fern Mortalilty","Sword Fern Field Samples","","5/6/25","Prepman","","Not enough mycelia growth to extract","","","","",NA,"","","","","",NA,"",NA,"","","","","","FZJ107","1 Soil","3/3/25","figgywiggums","https://www.inaturalist.org/observations/263900677","Mercer Island, Mercer Island, WA, US",47.58366,-122.225,"Polystichum munitum","western sword fern","Good","Browning fronds",4,"Rural","Medium (moderately used trails, etc)","Upland or well drained","Inside a forest canopy","Middle of a slope",3,"Not Sure","Luther Burbank site 1, fern 3","Yes","Dead",""
"206","FZJ108-1 Soil","","","","","","","","","","","","1 Soil","3/4/25","imontejano05","https://www.inaturalist.org/observations/263911651","Olympic Pl, Port Ludlow, WA, US",47.92803,-122.684,"Polystichum munitum","western sword fern","Fair","Browning fronds",10,"Urban","Heavy - a lot of development (e.g. parkinglots, pavement, heavy foot traffic, etc)","Upland or well drained","Urban yard or open park grounds","Area is flat (e.g. field)",12,"No there are not any new plants","Portl Ludlow site 1, fern 1","","dying","",NA,NA,NA,NA,NA,NA,NA,NA,NA,NA,NA,NA,NA,NA,NA,NA,NA,NA,NA,NA,NA,NA,NA,NA,NA,NA,NA,NA,NA,NA,"FZJ108","1 Soil","3/4/25","imontejano05","https://www.inaturalist.org/observations/263911651","Olympic Pl, Port Ludlow, WA, US",47.92803,-122.684,"Polystichum munitum","western sword fern","Fair","Browning fronds",10,"Urban","Heavy - a lot of development (e.g. parkinglots, pavement, heavy foot traffic, etc)","Upland or well drained","Urban yard or open park grounds","Area is flat (e.g. field)",12,"No there are not any new plants","Portl Ludlow site 1, fern 1","","dying",""
"207","FZJ108-2 Soil","","","","","","","","","","","","2 Soil","3/4/25","imontejano05","https://www.inaturalist.org/observations/263911651","Olympic Pl, Port Ludlow, WA, US",47.92803,-122.684,"Polystichum munitum","western sword fern","Fair","Browning fronds",10,"Urban","Heavy - a lot of development (e.g. parkinglots, pavement, heavy foot traffic, etc)","Upland or well drained","Urban yard or open park grounds","Area is flat (e.g. field)",12,"No there are not any new plants","Portl Ludlow site 1, fern 1","","dying","",NA,NA,NA,NA,NA,NA,NA,NA,NA,NA,NA,NA,NA,NA,NA,NA,NA,NA,NA,NA,NA,NA,NA,NA,NA,NA,NA,NA,NA,NA,"FZJ108","2 Soil","3/4/25","imontejano05","https://www.inaturalist.org/observations/263911651","Olympic Pl, Port Ludlow, WA, US",47.92803,-122.684,"Polystichum munitum","western sword fern","Fair","Browning fronds",10,"Urban","Heavy - a lot of development (e.g. parkinglots, pavement, heavy foot traffic, etc)","Upland or well drained","Urban yard or open park grounds","Area is flat (e.g. field)",12,"No there are not any new plants","Portl Ludlow site 1, fern 1","","dying",""
"208","FZJ109-1 Soil","","","4/18/25","V8 Broth Racks & Soil Swordfern Isolates","final","","Group 14","Elongisporangium anandrum ","yes","V8B","","1 Soil","3/4/25","imontejano05","https://www.inaturalist.org/observations/263911651","Olympic Pl, Port Ludlow, WA, US",47.92803,-122.684,"Polystichum munitum","western sword fern","Fair","Browning fronds",10,"Urban","Heavy - a lot of development (e.g. parkinglots, pavement, heavy foot traffic, etc)","Upland or well drained","Urban yard or open park grounds","Area is flat (e.g. field)",12,"No there are not any new plants","Portl Ludlow site 1, fern 2","","","",NA,NA,NA,NA,NA,NA,NA,NA,NA,NA,NA,NA,NA,NA,NA,NA,NA,NA,NA,NA,NA,NA,NA,NA,NA,NA,NA,NA,NA,NA,"FZJ109","1 Soil","3/4/25","imontejano05","https://www.inaturalist.org/observations/263911651","Olympic Pl, Port Ludlow, WA, US",47.92803,-122.684,"Polystichum munitum","western sword fern","Fair","Browning fronds",10,"Urban","Heavy - a lot of development (e.g. parkinglots, pavement, heavy foot traffic, etc)","Upland or well drained","Urban yard or open park grounds","Area is flat (e.g. field)",12,"No there are not any new plants","Portl Ludlow site 1, fern 2","","",""
"209","FZJ109-2 Soil","","5/6/25","4/18/25","V8 Broth Racks & Soil Swordfern Isolates","final","","Group 14","Elongisporangium anandrum ","yes","V8B","","2 Soil","3/4/25","imontejano05","https://www.inaturalist.org/observations/263911651","Olympic Pl, Port Ludlow, WA, US",47.92803,-122.684,"Polystichum munitum","western sword fern","Fair","Browning fronds",10,"Urban","Heavy - a lot of development (e.g. parkinglots, pavement, heavy foot traffic, etc)","Upland or well drained","Urban yard or open park grounds","Area is flat (e.g. field)",12,"No there are not any new plants","Portl Ludlow site 1, fern 2","","","","FHL0196","FZJ109","2","Field","Soil","Sword Fern Mortalilty","Sword Fern Field Samples","","5/6/25","Prepman","31.6","","6/12/25","","","Y",NA,"","Elongisporangium anandrum ","","Elongisporangium","Oomycete",NA,"Pythium",NA,"","","","","Pythium sp.","FZJ109","2 Soil","3/4/25","imontejano05","https://www.inaturalist.org/observations/263911651","Olympic Pl, Port Ludlow, WA, US",47.92803,-122.684,"Polystichum munitum","western sword fern","Fair","Browning fronds",10,"Urban","Heavy - a lot of development (e.g. parkinglots, pavement, heavy foot traffic, etc)","Upland or well drained","Urban yard or open park grounds","Area is flat (e.g. field)",12,"No there are not any new plants","Portl Ludlow site 1, fern 2","","",""
"210","FZJ112-1 Root","","","3/18/25","Clean oomycetes on V8","growing, secondary","","","unknown","N/A","PARPHV8","","1 Root","3/4/25","imontejano05","https://www.inaturalist.org/observations/263916171","Keller Ln, Port Ludlow, WA, US",47.93155,-122.685,"Polystichum munitum","western sword fern","Fair","Multiple Symptoms (Please describe in Notes)",10,"Rural","Medium (moderately used trails, etc)","Upland or well drained","Urban yard or open park grounds","Middle of a slope",12,"No there are not any new plants","Port Ludlow site 2, fern 1","","healthy","","FHL0460","","","Field","Root","Sword Fern Mortalilty","Sword Fern Field Samples","","5/19/26","Qiagen PlantPro","1.04","","6/10/26","","","",NA,"","","","","",NA,"",NA,"","","","","","FZJ112","1 Root","3/4/25","imontejano05","https://www.inaturalist.org/observations/263916171","Keller Ln, Port Ludlow, WA, US",47.93155,-122.685,"Polystichum munitum","western sword fern","Fair","Multiple Symptoms (Please describe in Notes)",10,"Rural","Medium (moderately used trails, etc)","Upland or well drained","Urban yard or open park grounds","Middle of a slope",12,"No there are not any new plants","Port Ludlow site 2, fern 1","","healthy",""
"211","FZJ112-1 Soil","4/9/25","5/6/25","4/18/25","V8 Broth Racks & Soil Swordfern Isolates","final","","","Elongisporangium anandrum ","yes","V8B","","1 Soil","3/4/25","imontejano05","https://www.inaturalist.org/observations/263916171","Keller Ln, Port Ludlow, WA, US",47.93155,-122.685,"Polystichum munitum","western sword fern","Fair","Multiple Symptoms (Please describe in Notes)",10,"Rural","Medium (moderately used trails, etc)","Upland or well drained","Urban yard or open park grounds","Middle of a slope",12,"No there are not any new plants","Port Ludlow site 2, fern 1","","healthy","","FHL0197","FZJ112","1","Field","Soil","Sword Fern Mortalilty","Sword Fern Field Samples","","5/6/25","Prepman","33.3","","6/12/25","","","Y",NA,"","Elongisporangium anandrum ","","Elongisporangium","Oomycete",NA,"Pythium",NA,"","","","","Pythium sp.","FZJ112","1 Soil","3/4/25","imontejano05","https://www.inaturalist.org/observations/263916171","Keller Ln, Port Ludlow, WA, US",47.93155,-122.685,"Polystichum munitum","western sword fern","Fair","Multiple Symptoms (Please describe in Notes)",10,"Rural","Medium (moderately used trails, etc)","Upland or well drained","Urban yard or open park grounds","Middle of a slope",12,"No there are not any new plants","Port Ludlow site 2, fern 1","","healthy",""
"212","FZJ112-2 Root","","","3/18/25","Clean oomycetes on V8","growing, secondary","","","unknown","N/A","PARPHV8","","2 Root","3/4/25","imontejano05","https://www.inaturalist.org/observations/263916171","Keller Ln, Port Ludlow, WA, US",47.93155,-122.685,"Polystichum munitum","western sword fern","Fair","Multiple Symptoms (Please describe in Notes)",10,"Rural","Medium (moderately used trails, etc)","Upland or well drained","Urban yard or open park grounds","Middle of a slope",12,"No there are not any new plants","Port Ludlow site 2, fern 1","","healthy","",NA,NA,NA,NA,NA,NA,NA,NA,NA,NA,NA,NA,NA,NA,NA,NA,NA,NA,NA,NA,NA,NA,NA,NA,NA,NA,NA,NA,NA,NA,"FZJ112","2 Root","3/4/25","imontejano05","https://www.inaturalist.org/observations/263916171","Keller Ln, Port Ludlow, WA, US",47.93155,-122.685,"Polystichum munitum","western sword fern","Fair","Multiple Symptoms (Please describe in Notes)",10,"Rural","Medium (moderately used trails, etc)","Upland or well drained","Urban yard or open park grounds","Middle of a slope",12,"No there are not any new plants","Port Ludlow site 2, fern 1","","healthy",""
"213","FZJ112-2 Soil","","5/6/25","4/18/25","V8 Broth Racks & Soil Swordfern Isolates","final","","","Elongisporangium anandrum ","yes","V8B","","2 Soil","3/4/25","imontejano05","https://www.inaturalist.org/observations/263916171","Keller Ln, Port Ludlow, WA, US",47.93155,-122.685,"Polystichum munitum","western sword fern","Fair","Multiple Symptoms (Please describe in Notes)",10,"Rural","Medium (moderately used trails, etc)","Upland or well drained","Urban yard or open park grounds","Middle of a slope",12,"No there are not any new plants","Port Ludlow site 2, fern 1","","healthy","","FHL0198","FZJ112","2","Field","Soil","Sword Fern Mortalilty","Sword Fern Field Samples","","5/6/25","Prepman","43.2","","6/12/25","","","Y",NA,"","Elongisporangium anandrum ","","Elongisporangium","Oomycete",NA,"Pythium",NA,"","","","","Pythium sp.","FZJ112","2 Soil","3/4/25","imontejano05","https://www.inaturalist.org/observations/263916171","Keller Ln, Port Ludlow, WA, US",47.93155,-122.685,"Polystichum munitum","western sword fern","Fair","Multiple Symptoms (Please describe in Notes)",10,"Rural","Medium (moderately used trails, etc)","Upland or well drained","Urban yard or open park grounds","Middle of a slope",12,"No there are not any new plants","Port Ludlow site 2, fern 1","","healthy",""
"214","FZJ115-1 Root","","4/2/25","3/17/25","Clean oomycetes on V8","final","","","unknown, low quality sequence","N/A","V8","Clean oomycetes on V8","1 Root","3/4/25","imontejano05","https://www.inaturalist.org/observations/263917967","Oak Bay Rd, Port Ludlow, WA, US",47.93093,-122.685,"Polystichum munitum","western sword fern","Good","No Selection",7,"Rural","Medium (moderately used trails, etc)","Upland or well drained","Urban yard or open park grounds","Middle of a slope",5,"No there are not any new plants","Port Ludlow site 3 , fern 1","","healthy","","FHL0449","","","Field","Root","Sword Fern Mortalilty","Sword Fern Field Samples","","5/13/26","Qiagen PlantPro","2.34","","6/10/26","","","",NA,"","","","","",NA,"",NA,"","","","","","FZJ115","1 Root","3/4/25","imontejano05","https://www.inaturalist.org/observations/263917967","Oak Bay Rd, Port Ludlow, WA, US",47.93093,-122.685,"Polystichum munitum","western sword fern","Good","No Selection",7,"Rural","Medium (moderately used trails, etc)","Upland or well drained","Urban yard or open park grounds","Middle of a slope",5,"No there are not any new plants","Port Ludlow site 3 , fern 1","","healthy",""
"215","FZJ115-1 Soil","4/14/25","5/6/25","4/18/25","V8 Broth Racks & Soil Swordfern Isolates","final","Y","","Mortierella","yes","V8B","","1 Soil","3/4/25","imontejano05","https://www.inaturalist.org/observations/263917967","Oak Bay Rd, Port Ludlow, WA, US",47.93093,-122.685,"Polystichum munitum","western sword fern","Good","No Selection",7,"Rural","Medium (moderately used trails, etc)","Upland or well drained","Urban yard or open park grounds","Middle of a slope",5,"No there are not any new plants","Port Ludlow site 3 , fern 1","","healthy","","FHL0199","FZJ115","1","Field","Soil","Sword Fern Mortalilty","Sword Fern Field Samples","","5/6/25","Prepman","17.4","","5/22/25","","y","Y",NA,"","","","","Fungi",NA,"Fungal",NA,"","","","","","FZJ115","1 Soil","3/4/25","imontejano05","https://www.inaturalist.org/observations/263917967","Oak Bay Rd, Port Ludlow, WA, US",47.93093,-122.685,"Polystichum munitum","western sword fern","Good","No Selection",7,"Rural","Medium (moderately used trails, etc)","Upland or well drained","Urban yard or open park grounds","Middle of a slope",5,"No there are not any new plants","Port Ludlow site 3 , fern 1","","healthy",""
"216","FZJ115-2 Root","","4/2/25","3/17/25","Clean oomycetes on V8","final","","","Mortierella","N/A","V8","Clean oomycetes on V8","2 Root","3/4/25","imontejano05","https://www.inaturalist.org/observations/263917967","Oak Bay Rd, Port Ludlow, WA, US",47.93093,-122.685,"Polystichum munitum","western sword fern","Good","No Selection",7,"Rural","Medium (moderately used trails, etc)","Upland or well drained","Urban yard or open park grounds","Middle of a slope",5,"No there are not any new plants","Port Ludlow site 3 , fern 1","","healthy","",NA,NA,NA,NA,NA,NA,NA,NA,NA,NA,NA,NA,NA,NA,NA,NA,NA,NA,NA,NA,NA,NA,NA,NA,NA,NA,NA,NA,NA,NA,"FZJ115","2 Root","3/4/25","imontejano05","https://www.inaturalist.org/observations/263917967","Oak Bay Rd, Port Ludlow, WA, US",47.93093,-122.685,"Polystichum munitum","western sword fern","Good","No Selection",7,"Rural","Medium (moderately used trails, etc)","Upland or well drained","Urban yard or open park grounds","Middle of a slope",5,"No there are not any new plants","Port Ludlow site 3 , fern 1","","healthy",""
"217","FZJ115-3 Root","","4/2/25","3/17/25","Clean oomycetes on V8","final","","","Mortierella","N/A","V8","Clean oomycetes on V8","3 Root","3/4/25","imontejano05","https://www.inaturalist.org/observations/263917967","Oak Bay Rd, Port Ludlow, WA, US",47.93093,-122.685,"Polystichum munitum","western sword fern","Good","No Selection",7,"Rural","Medium (moderately used trails, etc)","Upland or well drained","Urban yard or open park grounds","Middle of a slope",5,"No there are not any new plants","Port Ludlow site 3 , fern 1","","healthy","",NA,NA,NA,NA,NA,NA,NA,NA,NA,NA,NA,NA,NA,NA,NA,NA,NA,NA,NA,NA,NA,NA,NA,NA,NA,NA,NA,NA,NA,NA,"FZJ115","3 Root","3/4/25","imontejano05","https://www.inaturalist.org/observations/263917967","Oak Bay Rd, Port Ludlow, WA, US",47.93093,-122.685,"Polystichum munitum","western sword fern","Good","No Selection",7,"Rural","Medium (moderately used trails, etc)","Upland or well drained","Urban yard or open park grounds","Middle of a slope",5,"No there are not any new plants","Port Ludlow site 3 , fern 1","","healthy",""
"218","FZJ118-1 Root","","4/2/25","3/17/25","Clean oomycetes on V8","final","","","Mortierella","N/A","V8","Clean oomycetes on V8","1 Root","3/4/25","imontejano05","https://www.inaturalist.org/observations/263919522","Oak Bay Rd, Port Ludlow, WA, US",47.93032,-122.685,"Polystichum munitum","western sword fern","Fair","Browning fronds",NA,"Rural","Medium (moderately used trails, etc)","Upland or well drained","Urban yard or open park grounds","Middle of a slope",8,"Yes there are new plants","Port Ludlow Site 4, fern 1","","healthy","","FHL0488","","","Field","Root","Sword Fern Mortalilty","Sword Fern Field Samples","","5/20/26","Qiagen PlantPro","2.01","","6/10/26","","","",NA,"","","","","",NA,"",NA,"","","","","","FZJ118","1 Root","3/4/25","imontejano05","https://www.inaturalist.org/observations/263919522","Oak Bay Rd, Port Ludlow, WA, US",47.93032,-122.685,"Polystichum munitum","western sword fern","Fair","Browning fronds",NA,"Rural","Medium (moderately used trails, etc)","Upland or well drained","Urban yard or open park grounds","Middle of a slope",8,"Yes there are new plants","Port Ludlow Site 4, fern 1","","healthy",""
"219","FZJ118-1 Soil","","5/6/25","4/18/25","V8 Broth Racks & Soil Swordfern Isolates","final","","","Globisporangium debaryanum","yes","V8B","","1 Soil","3/4/25","imontejano05","https://www.inaturalist.org/observations/263919522","Oak Bay Rd, Port Ludlow, WA, US",47.93032,-122.685,"Polystichum munitum","western sword fern","Fair","Browning fronds",NA,"Rural","Medium (moderately used trails, etc)","Upland or well drained","Urban yard or open park grounds","Middle of a slope",8,"Yes there are new plants","Port Ludlow Site 4, fern 1","","healthy","","FHL0200","FZJ118","1","Field","Soil","Sword Fern Mortalilty","Sword Fern Field Samples","","5/6/25","Prepman","57.8","","6/12/25","","","Y",NA,"","Globisporangium debaryanum","","Globisporangium","Oomycete",NA,"Pythium",NA,"","","","","Pythium sp.","FZJ118","1 Soil","3/4/25","imontejano05","https://www.inaturalist.org/observations/263919522","Oak Bay Rd, Port Ludlow, WA, US",47.93032,-122.685,"Polystichum munitum","western sword fern","Fair","Browning fronds",NA,"Rural","Medium (moderately used trails, etc)","Upland or well drained","Urban yard or open park grounds","Middle of a slope",8,"Yes there are new plants","Port Ludlow Site 4, fern 1","","healthy",""
"220","FZJ118-2 Root","","4/2/25","4/22/25","Soil Swordfern Isolates on PARPHV8","secondary","","","Pythium attrantheridium","no","PARPHV8","","2 Root","3/4/25","imontejano05","https://www.inaturalist.org/observations/263919522","Oak Bay Rd, Port Ludlow, WA, US",47.93032,-122.685,"Polystichum munitum","western sword fern","Fair","Browning fronds",NA,"Rural","Medium (moderately used trails, etc)","Upland or well drained","Urban yard or open park grounds","Middle of a slope",8,"Yes there are new plants","Port Ludlow Site 4, fern 1","","healthy","","FHL0240","FZJ118","2","Field","Root","Sword Fern Mortalilty","Sword Fern Field Samples","","6/4/25","Prepman","2.22","","6/12/25","","","Y",NA,"","Pythium attrantheridium","","Pythium","Oomycete",NA,"Pythium",NA,"Pythium attrantheridium","","","","Pythium sp.","FZJ118","2 Root","3/4/25","imontejano05","https://www.inaturalist.org/observations/263919522","Oak Bay Rd, Port Ludlow, WA, US",47.93032,-122.685,"Polystichum munitum","western sword fern","Fair","Browning fronds",NA,"Rural","Medium (moderately used trails, etc)","Upland or well drained","Urban yard or open park grounds","Middle of a slope",8,"Yes there are new plants","Port Ludlow Site 4, fern 1","","healthy",""
"221","FZJ119-1 Soil","","5/6/25","4/18/25","V8 Broth Racks & Soil Swordfern Isolates","final","","","Pythium attrantheridium","yes","V8B","","1 Soil","3/4/25","imontejano05","https://www.inaturalist.org/observations/263919522","Oak Bay Rd, Port Ludlow, WA, US",47.93032,-122.685,"Polystichum munitum","western sword fern","Fair","Browning fronds",NA,"Rural","Medium (moderately used trails, etc)","Upland or well drained","Urban yard or open park grounds","Middle of a slope",8,"Yes there are new plants","Port Ludlow Site 4, fern 2","","dying","","FHL0201","FZJ119","1","Field","Soil","Sword Fern Mortalilty","Sword Fern Field Samples","","5/6/25","Prepman","23","","6/12/25","","","Y",NA,"","Pythium attrantheridium","","Pythium","Oomycete",NA,"Pythium",NA,"Pythium attrantheridium","","","","Pythium sp.","FZJ119","1 Soil","3/4/25","imontejano05","https://www.inaturalist.org/observations/263919522","Oak Bay Rd, Port Ludlow, WA, US",47.93032,-122.685,"Polystichum munitum","western sword fern","Fair","Browning fronds",NA,"Rural","Medium (moderately used trails, etc)","Upland or well drained","Urban yard or open park grounds","Middle of a slope",8,"Yes there are new plants","Port Ludlow Site 4, fern 2","","dying",""
"222","FZJ119-2 Soil","4/8/25","5/6/25","4/18/25","V8 Broth Racks & Soil Swordfern Isolates","final","","","Pythium attrantheridium","yes","V8B","","2 Soil","3/4/25","imontejano05","https://www.inaturalist.org/observations/263919522","Oak Bay Rd, Port Ludlow, WA, US",47.93032,-122.685,"Polystichum munitum","western sword fern","Fair","Browning fronds",NA,"Rural","Medium (moderately used trails, etc)","Upland or well drained","Urban yard or open park grounds","Middle of a slope",8,"Yes there are new plants","Port Ludlow Site 4, fern 2","","dying","","FHL0202","FZJ119","2","Field","Soil","Sword Fern Mortalilty","Sword Fern Field Samples","","5/6/25","Prepman","18.3","","6/12/25","","","Y",NA,"","Pythium attrantheridium","","Pythium","Oomycete",NA,"Pythium",NA,"Pythium attrantheridium","","","","Pythium sp.","FZJ119","2 Soil","3/4/25","imontejano05","https://www.inaturalist.org/observations/263919522","Oak Bay Rd, Port Ludlow, WA, US",47.93032,-122.685,"Polystichum munitum","western sword fern","Fair","Browning fronds",NA,"Rural","Medium (moderately used trails, etc)","Upland or well drained","Urban yard or open park grounds","Middle of a slope",8,"Yes there are new plants","Port Ludlow Site 4, fern 2","","dying",""
"223","FZJ120-1 Soil","4/9/25","5/6/25","4/18/25","V8 Broth Racks & Soil Swordfern Isolates","final","","","Pythium attrantheridium","yes","V8B","","1 Soil","3/4/25","imontejano05","https://www.inaturalist.org/observations/263919522","Oak Bay Rd, Port Ludlow, WA, US",47.93032,-122.685,"Polystichum munitum","western sword fern","Fair","Browning fronds",NA,"Rural","Medium (moderately used trails, etc)","Upland or well drained","Urban yard or open park grounds","Middle of a slope",8,"Yes there are new plants","Port Ludlow Site 4, fern 3","","stump","","FHL0203","FZJ120","1","Field","Soil","Sword Fern Mortalilty","Sword Fern Field Samples","","5/6/25","Prepman","23.3","","6/12/25","","","Y",NA,"","Pythium attrantheridium","","Pythium","Oomycete",NA,"Pythium",NA,"Pythium attrantheridium","","","","Pythium sp.","FZJ120","1 Soil","3/4/25","imontejano05","https://www.inaturalist.org/observations/263919522","Oak Bay Rd, Port Ludlow, WA, US",47.93032,-122.685,"Polystichum munitum","western sword fern","Fair","Browning fronds",NA,"Rural","Medium (moderately used trails, etc)","Upland or well drained","Urban yard or open park grounds","Middle of a slope",8,"Yes there are new plants","Port Ludlow Site 4, fern 3","","stump",""
"224","FZJ120-1 Soil","4/9/25","5/6/25","4/18/25","V8 Broth Racks & Soil Swordfern Isolates","final","","","Pythium attrantheridium","yes","V8B","","1 Soil","3/4/25","imontejano05","https://www.inaturalist.org/observations/263919522","Oak Bay Rd, Port Ludlow, WA, US",47.93032,-122.685,"Polystichum munitum","western sword fern","Fair","Browning fronds",NA,"Rural","Medium (moderately used trails, etc)","Upland or well drained","Urban yard or open park grounds","Middle of a slope",8,"Yes there are new plants","Port Ludlow Site 4, fern 3","","stump","","FHL0203","","","Field","","Sword Fern Mortalilty","Sword Fern Field Samples","","3/4/26","Zymo Fungal/Bacterial","0.123","","","","","",NA,"","","","","",NA,"",NA,"","","","","","FZJ120","1 Soil","3/4/25","imontejano05","https://www.inaturalist.org/observations/263919522","Oak Bay Rd, Port Ludlow, WA, US",47.93032,-122.685,"Polystichum munitum","western sword fern","Fair","Browning fronds",NA,"Rural","Medium (moderately used trails, etc)","Upland or well drained","Urban yard or open park grounds","Middle of a slope",8,"Yes there are new plants","Port Ludlow Site 4, fern 3","","stump",""
"225","FZJ120-2 Soil","","","4/18/25","V8 Broth Racks & Soil Swordfern Isolates","final","","Group 15","Pythium attrantheridium","yes","V8B","","2 Soil","3/4/25","imontejano05","https://www.inaturalist.org/observations/263919522","Oak Bay Rd, Port Ludlow, WA, US",47.93032,-122.685,"Polystichum munitum","western sword fern","Fair","Browning fronds",NA,"Rural","Medium (moderately used trails, etc)","Upland or well drained","Urban yard or open park grounds","Middle of a slope",8,"Yes there are new plants","Port Ludlow Site 4, fern 3","","stump","",NA,NA,NA,NA,NA,NA,NA,NA,NA,NA,NA,NA,NA,NA,NA,NA,NA,NA,NA,NA,NA,NA,NA,NA,NA,NA,NA,NA,NA,NA,"FZJ120","2 Soil","3/4/25","imontejano05","https://www.inaturalist.org/observations/263919522","Oak Bay Rd, Port Ludlow, WA, US",47.93032,-122.685,"Polystichum munitum","western sword fern","Fair","Browning fronds",NA,"Rural","Medium (moderately used trails, etc)","Upland or well drained","Urban yard or open park grounds","Middle of a slope",8,"Yes there are new plants","Port Ludlow Site 4, fern 3","","stump",""
"226","FZJ121-1 Soil","4/10/25","5/6/25","4/18/25","V8 Broth Racks & Soil Swordfern Isolates","final","","Group 15","Pythium attrantheridium","yes","V8B","","1 Soil","3/13/25","imontejano05","https://www.inaturalist.org/observations/265189792","Mercer Island, Mercer Island, WA, US",47.58283,-122.226,"Polystichum munitum","western sword fern","Fair","Browning fronds",4,"Suburban","Low - fairly natural, not much development","Upland or well drained","Forest edge","Middle of a slope",4,"No there are not any new plants","Luther Burbank Site 2, Fern 1","","Healthy","","FHL0204","FZJ121","1","Field","Soil","Sword Fern Mortalilty","Sword Fern Field Samples","","5/6/25","Prepman","18","","6/12/25","","","Y",NA,"","Pythium attrantheridium","","Pythium","Oomycete",NA,"Pythium",NA,"Pythium attrantheridium","","","","Pythium sp.","FZJ121","1 Soil","3/13/25","imontejano05","https://www.inaturalist.org/observations/265189792","Mercer Island, Mercer Island, WA, US",47.58283,-122.226,"Polystichum munitum","western sword fern","Fair","Browning fronds",4,"Suburban","Low - fairly natural, not much development","Upland or well drained","Forest edge","Middle of a slope",4,"No there are not any new plants","Luther Burbank Site 2, Fern 1","","Healthy",""
"227","FZJ121-2 Soil","4/11/25","5/6/25","4/18/25","V8 Broth Racks & Soil Swordfern Isolates","final","","","Pythium attrantheridium","yes","V8B","","2 Soil","3/13/25","imontejano05","https://www.inaturalist.org/observations/265189792","Mercer Island, Mercer Island, WA, US",47.58283,-122.226,"Polystichum munitum","western sword fern","Fair","Browning fronds",4,"Suburban","Low - fairly natural, not much development","Upland or well drained","Forest edge","Middle of a slope",4,"No there are not any new plants","Luther Burbank Site 2, Fern 1","","Healthy","","FHL0205","FZJ121","2","Field","Soil","Sword Fern Mortalilty","Sword Fern Field Samples","","5/6/25","Prepman","16.1","","6/12/25","","","Y",NA,"","Pythium attrantheridium","","Pythium","Oomycete",NA,"Pythium",NA,"Pythium attrantheridium","","","","Pythium sp.","FZJ121","2 Soil","3/13/25","imontejano05","https://www.inaturalist.org/observations/265189792","Mercer Island, Mercer Island, WA, US",47.58283,-122.226,"Polystichum munitum","western sword fern","Fair","Browning fronds",4,"Suburban","Low - fairly natural, not much development","Upland or well drained","Forest edge","Middle of a slope",4,"No there are not any new plants","Luther Burbank Site 2, Fern 1","","Healthy",""
"228","FZJ122-1 Soil","","5/6/25","4/18/25","V8 Broth Racks & Soil Swordfern Isolates","final","","","Globisporangium intermedium","yes","V8B","","1 Soil","3/13/25","imontejano05","https://www.inaturalist.org/observations/265189792","Mercer Island, Mercer Island, WA, US",47.58283,-122.226,"Polystichum munitum","western sword fern","Fair","Browning fronds",4,"Suburban","Low - fairly natural, not much development","Upland or well drained","Forest edge","Middle of a slope",4,"No there are not any new plants","Luther Burbank Site 2, Fern 2","","Dying","","FHL0206","FZJ122","1","Field","Soil","Sword Fern Mortalilty","Sword Fern Field Samples","","5/6/25","Prepman","20.6","","6/12/25","","","Y",NA,"","Globisporangium intermedium","","Globisporangium","Oomycete",NA,"Pythium",NA,"Globisporganium intermedium","","","","Pythium sp.","FZJ122","1 Soil","3/13/25","imontejano05","https://www.inaturalist.org/observations/265189792","Mercer Island, Mercer Island, WA, US",47.58283,-122.226,"Polystichum munitum","western sword fern","Fair","Browning fronds",4,"Suburban","Low - fairly natural, not much development","Upland or well drained","Forest edge","Middle of a slope",4,"No there are not any new plants","Luther Burbank Site 2, Fern 2","","Dying",""
"229","FZJ122-2 Soil","","","4/18/25","V8 Broth Racks & Soil Swordfern Isolates","final","","","unknown","yes","V8B","","2 Soil","3/13/25","imontejano05","https://www.inaturalist.org/observations/265189792","Mercer Island, Mercer Island, WA, US",47.58283,-122.226,"Polystichum munitum","western sword fern","Fair","Browning fronds",4,"Suburban","Low - fairly natural, not much development","Upland or well drained","Forest edge","Middle of a slope",4,"No there are not any new plants","Luther Burbank Site 2, Fern 2","","Dying","",NA,NA,NA,NA,NA,NA,NA,NA,NA,NA,NA,NA,NA,NA,NA,NA,NA,NA,NA,NA,NA,NA,NA,NA,NA,NA,NA,NA,NA,NA,"FZJ122","2 Soil","3/13/25","imontejano05","https://www.inaturalist.org/observations/265189792","Mercer Island, Mercer Island, WA, US",47.58283,-122.226,"Polystichum munitum","western sword fern","Fair","Browning fronds",4,"Suburban","Low - fairly natural, not much development","Upland or well drained","Forest edge","Middle of a slope",4,"No there are not any new plants","Luther Burbank Site 2, Fern 2","","Dying",""
"230","FZJ123-1 Soil","","5/6/25","4/18/25","V8 Broth Racks & Soil Swordfern Isolates","final","","","Globisporangium intermedium","yes","V8B","","1 Soil","3/13/25","imontejano05","https://www.inaturalist.org/observations/265189792","Mercer Island, Mercer Island, WA, US",47.58283,-122.226,"Polystichum munitum","western sword fern","Fair","Browning fronds",4,"Suburban","Low - fairly natural, not much development","Upland or well drained","Forest edge","Middle of a slope",4,"No there are not any new plants","Luther Burbank Site 2, Fern 3","","Dying","","FHL0207","FZJ123","1","Field","Soil","Sword Fern Mortalilty","Sword Fern Field Samples","","5/6/25","Prepman","14.2","","6/12/25","","","Y",NA,"","Globisporangium intermedium","","Globisporangium","Oomycete",NA,"Pythium",NA,"Globisporganium intermedium","","","","Pythium sp.","FZJ123","1 Soil","3/13/25","imontejano05","https://www.inaturalist.org/observations/265189792","Mercer Island, Mercer Island, WA, US",47.58283,-122.226,"Polystichum munitum","western sword fern","Fair","Browning fronds",4,"Suburban","Low - fairly natural, not much development","Upland or well drained","Forest edge","Middle of a slope",4,"No there are not any new plants","Luther Burbank Site 2, Fern 3","","Dying",""
"231","FZJ125-1 Soil","","5/6/25","4/18/25","V8 Broth Racks & Soil Swordfern Isolates","final","","","Globisporangium intermedium","yes","V8B","","1 Soil","3/13/25","figgywiggums","https://www.inaturalist.org/observations/265203323","Seward Park, Seattle, WA, US",47.55543,-122.249,"Polystichum munitum","western sword fern","Good","Browning fronds",2,"Suburban","Medium (moderately used trails, etc)","Upland or well drained","Inside a forest canopy","Middle of a slope",10,"No there are not any new plants","ground zero seward, fern 1","","Healthy","","FHL0208","FZJ125","1","Field","Soil","Sword Fern Mortalilty","Sword Fern Field Samples","Y","5/6/25","Prepman","2.93","","5/8/2025, 5/16/25, 5/22/25","","y","Y",NA,"","Globisporangium intermedium","","Globisporangium","Oomycete",NA,"Pythium",NA,"Globisporangium intermedium","","","","Pythium sp.","FZJ125","1 Soil","3/13/25","figgywiggums","https://www.inaturalist.org/observations/265203323","Seward Park, Seattle, WA, US",47.55543,-122.249,"Polystichum munitum","western sword fern","Good","Browning fronds",2,"Suburban","Medium (moderately used trails, etc)","Upland or well drained","Inside a forest canopy","Middle of a slope",10,"No there are not any new plants","ground zero seward, fern 1","","Healthy",""
"232","FZJ125-1 Soil","","5/6/25","4/18/25","V8 Broth Racks & Soil Swordfern Isolates","final","","","Globisporangium intermedium","yes","V8B","","1 Soil","3/13/25","figgywiggums","https://www.inaturalist.org/observations/265203323","Seward Park, Seattle, WA, US",47.55543,-122.249,"Polystichum munitum","western sword fern","Good","Browning fronds",2,"Suburban","Medium (moderately used trails, etc)","Upland or well drained","Inside a forest canopy","Middle of a slope",10,"No there are not any new plants","ground zero seward, fern 1","","Healthy","","FHL0208","","","Field","","Sword Fern Mortalilty","Sword Fern Field Samples","","3/4/26","Zymo Fungal/Bacterial","0.162","","","","","",NA,"","","","","",NA,"",NA,"","","","","","FZJ125","1 Soil","3/13/25","figgywiggums","https://www.inaturalist.org/observations/265203323","Seward Park, Seattle, WA, US",47.55543,-122.249,"Polystichum munitum","western sword fern","Good","Browning fronds",2,"Suburban","Medium (moderately used trails, etc)","Upland or well drained","Inside a forest canopy","Middle of a slope",10,"No there are not any new plants","ground zero seward, fern 1","","Healthy",""
"233","FZJ127-1 Soil","","5/6/25","4/18/25","V8 Broth Racks & Soil Swordfern Isolates","final","","","Globisporangium intermedium","yes","V8B","","1 Soil","3/13/25","figgywiggums","https://www.inaturalist.org/observations/265206716","Seward Park, Seattle, WA, US",47.55665,-122.251,"Polystichum munitum","western sword fern","Poor","Collapse of Some Fronds",35,"Suburban","Medium (moderately used trails, etc)","Upland or well drained","Inside a forest canopy","Middle of a slope",15,"No there are not any new plants","sew-101, Fern 1","","Healthy","","FHL0209","FZJ127","1","Field","Soil","Sword Fern Mortalilty","Sword Fern Field Samples","Y","5/6/25","Prepman","3.29","","5/8/2025, 5/16/25, 5/22/25","","y","",NA,"","Globisporangium intermedium","","Globisporangium","Oomycete",NA,"",NA,"","","","","","FZJ127","1 Soil","3/13/25","figgywiggums","https://www.inaturalist.org/observations/265206716","Seward Park, Seattle, WA, US",47.55665,-122.251,"Polystichum munitum","western sword fern","Poor","Collapse of Some Fronds",35,"Suburban","Medium (moderately used trails, etc)","Upland or well drained","Inside a forest canopy","Middle of a slope",15,"No there are not any new plants","sew-101, Fern 1","","Healthy",""
"234","FZJ127-1 Soil","","5/6/25","4/18/25","V8 Broth Racks & Soil Swordfern Isolates","final","","","Globisporangium intermedium","yes","V8B","","1 Soil","3/13/25","figgywiggums","https://www.inaturalist.org/observations/265206716","Seward Park, Seattle, WA, US",47.55665,-122.251,"Polystichum munitum","western sword fern","Poor","Collapse of Some Fronds",35,"Suburban","Medium (moderately used trails, etc)","Upland or well drained","Inside a forest canopy","Middle of a slope",15,"No there are not any new plants","sew-101, Fern 1","","Healthy","","FHL0209","","","Field","","Sword Fern Mortalilty","Sword Fern Field Samples","","3/4/26","Zymo Fungal/Bacterial","out of range","","","","","Y",NA,"","","","","Oomycete",NA,"Pythium",NA,"Globisporangium intermedium","","","","Pythium sp.","FZJ127","1 Soil","3/13/25","figgywiggums","https://www.inaturalist.org/observations/265206716","Seward Park, Seattle, WA, US",47.55665,-122.251,"Polystichum munitum","western sword fern","Poor","Collapse of Some Fronds",35,"Suburban","Medium (moderately used trails, etc)","Upland or well drained","Inside a forest canopy","Middle of a slope",15,"No there are not any new plants","sew-101, Fern 1","","Healthy",""
"235","FZJ128-1 Soil","","5/6/25","4/18/25","V8 Broth Racks & Soil Swordfern Isolates","final","","Group 16","Mortierella","yes","V8B","","1 Soil","3/13/25","figgywiggums","https://www.inaturalist.org/observations/265206716","Seward Park, Seattle, WA, US",47.55665,-122.251,"Polystichum munitum","western sword fern","Poor","Collapse of Some Fronds",35,"Suburban","Medium (moderately used trails, etc)","Upland or well drained","Inside a forest canopy","Middle of a slope",15,"No there are not any new plants","sew-101, Fern 2","","Dying","","FHL0210","FZJ128","1","Field","Soil","Sword Fern Mortalilty","Sword Fern Field Samples","Y","5/6/25","Prepman","3.46","faint band in gel; Not Sequenced","5/8/2025, 5/16/25","","y","Y",NA,"","","","","",NA,"Fungal",NA,"","","","","","FZJ128","1 Soil","3/13/25","figgywiggums","https://www.inaturalist.org/observations/265206716","Seward Park, Seattle, WA, US",47.55665,-122.251,"Polystichum munitum","western sword fern","Poor","Collapse of Some Fronds",35,"Suburban","Medium (moderately used trails, etc)","Upland or well drained","Inside a forest canopy","Middle of a slope",15,"No there are not any new plants","sew-101, Fern 2","","Dying",""
"236","FZJ129-1 Root","","5/6/25","4/18/25","V8 Broth Racks & Soil Swordfern Isolates","final","","","unknown, low quality sequence","yes","V8B","","1 Root","3/13/25","figgywiggums","https://www.inaturalist.org/observations/265206716","Seward Park, Seattle, WA, US",47.55665,-122.251,"Polystichum munitum","western sword fern","Poor","Collapse of Some Fronds",35,"Suburban","Medium (moderately used trails, etc)","Upland or well drained","Inside a forest canopy","Middle of a slope",15,"No there are not any new plants","sew-101, Fern 3","","Dying","","FHL0211","FZJ129","1","Field","Root","Sword Fern Mortalilty","Sword Fern Field Samples","Y","5/6/25","Prepman","5.58","faint band in gel; Not Sequenced","5/8/2025, 5/16/25","","y","Y",NA,"","","","","",NA,"Poor Sequence",NA,"","","","","","FZJ129","1 Root","3/13/25","figgywiggums","https://www.inaturalist.org/observations/265206716","Seward Park, Seattle, WA, US",47.55665,-122.251,"Polystichum munitum","western sword fern","Poor","Collapse of Some Fronds",35,"Suburban","Medium (moderately used trails, etc)","Upland or well drained","Inside a forest canopy","Middle of a slope",15,"No there are not any new plants","sew-101, Fern 3","","Dying",""
"237","FZJ129-1 Root","","5/6/25","4/18/25","V8 Broth Racks & Soil Swordfern Isolates","final","","","unknown, low quality sequence","yes","V8B","","1 Root","3/13/25","figgywiggums","https://www.inaturalist.org/observations/265206716","Seward Park, Seattle, WA, US",47.55665,-122.251,"Polystichum munitum","western sword fern","Poor","Collapse of Some Fronds",35,"Suburban","Medium (moderately used trails, etc)","Upland or well drained","Inside a forest canopy","Middle of a slope",15,"No there are not any new plants","sew-101, Fern 3","","Dying","","FHL0627","","","Field","Root","Sword Fern Mortalilty","Sword Fern Field Samples","","5/28/26","Qiagen PlantPro","1.45","","6/11/26","","","",NA,"","","","","",NA,"",NA,"","","","","","FZJ129","1 Root","3/13/25","figgywiggums","https://www.inaturalist.org/observations/265206716","Seward Park, Seattle, WA, US",47.55665,-122.251,"Polystichum munitum","western sword fern","Poor","Collapse of Some Fronds",35,"Suburban","Medium (moderately used trails, etc)","Upland or well drained","Inside a forest canopy","Middle of a slope",15,"No there are not any new plants","sew-101, Fern 3","","Dying",""
"238","FZJ129-1 Soil","4/10/25","","4/18/25","V8 Broth Racks & Soil Swordfern Isolates","final","","Group 16","Mortierella","yes","V8B","","1 Soil","3/13/25","figgywiggums","https://www.inaturalist.org/observations/265206716","Seward Park, Seattle, WA, US",47.55665,-122.251,"Polystichum munitum","western sword fern","Poor","Collapse of Some Fronds",35,"Suburban","Medium (moderately used trails, etc)","Upland or well drained","Inside a forest canopy","Middle of a slope",15,"No there are not any new plants","sew-101, Fern 3","","Dying","",NA,NA,NA,NA,NA,NA,NA,NA,NA,NA,NA,NA,NA,NA,NA,NA,NA,NA,NA,NA,NA,NA,NA,NA,NA,NA,NA,NA,NA,NA,"FZJ129","1 Soil","3/13/25","figgywiggums","https://www.inaturalist.org/observations/265206716","Seward Park, Seattle, WA, US",47.55665,-122.251,"Polystichum munitum","western sword fern","Poor","Collapse of Some Fronds",35,"Suburban","Medium (moderately used trails, etc)","Upland or well drained","Inside a forest canopy","Middle of a slope",15,"No there are not any new plants","sew-101, Fern 3","","Dying",""
"239","FZJ130-1 Soil","4/10/25","","4/18/25","V8 Broth Racks & Soil Swordfern Isolates","final","","","unknown","yes","V8B","","1 Soil","3/13/25","figgywiggums","https://www.inaturalist.org/observations/265206716","Seward Park, Seattle, WA, US",47.55665,-122.251,"Polystichum munitum","western sword fern","Poor","Collapse of Some Fronds",35,"Suburban","Medium (moderately used trails, etc)","Upland or well drained","Inside a forest canopy","Middle of a slope",15,"No there are not any new plants","sew-101, Fern 4","","Dead","",NA,NA,NA,NA,NA,NA,NA,NA,NA,NA,NA,NA,NA,NA,NA,NA,NA,NA,NA,NA,NA,NA,NA,NA,NA,NA,NA,NA,NA,NA,"FZJ130","1 Soil","3/13/25","figgywiggums","https://www.inaturalist.org/observations/265206716","Seward Park, Seattle, WA, US",47.55665,-122.251,"Polystichum munitum","western sword fern","Poor","Collapse of Some Fronds",35,"Suburban","Medium (moderately used trails, etc)","Upland or well drained","Inside a forest canopy","Middle of a slope",15,"No there are not any new plants","sew-101, Fern 4","","Dead",""
"240","FZJ132-1 Root","","4/2/25","4/22/25","Soil Swordfern Isolates on PARPHV8","secondary","","","Globisporangium intermedium","no","PARPHV8","","1 Root","3/13/25","figgywiggums","https://www.inaturalist.org/observations/265207958","Seward Park, Seattle, WA, US",47.5561,-122.253,"Polystichum munitum","western sword fern","Fair","Multiple Symptoms (Please describe in Notes)",10,"Suburban","Medium (moderately used trails, etc)","Upland or well drained","Inside a forest canopy","Middle of a slope",8,"Yes there are new plants","fallen log seward, fern 2","","Dying","","FHL0229","FZJ132","1","Field","Root","Sword Fern Mortalilty","Sword Fern Field Samples","","6/4/25","Prepman","0.419","","6/12/25","","","Y",NA,"","Globisporangium intermedium","","Globisporangium","Oomycete",NA,"Pythium",NA,"Pythium attrantheridium","","","","Pythium sp.","FZJ132","1 Root","3/13/25","figgywiggums","https://www.inaturalist.org/observations/265207958","Seward Park, Seattle, WA, US",47.5561,-122.253,"Polystichum munitum","western sword fern","Fair","Multiple Symptoms (Please describe in Notes)",10,"Suburban","Medium (moderately used trails, etc)","Upland or well drained","Inside a forest canopy","Middle of a slope",8,"Yes there are new plants","fallen log seward, fern 2","","Dying",""
"241","FZJ132-1 Root","","4/2/25","4/22/25","Soil Swordfern Isolates on PARPHV8","secondary","","","Globisporangium intermedium","no","PARPHV8","","1 Root","3/13/25","figgywiggums","https://www.inaturalist.org/observations/265207958","Seward Park, Seattle, WA, US",47.5561,-122.253,"Polystichum munitum","western sword fern","Fair","Multiple Symptoms (Please describe in Notes)",10,"Suburban","Medium (moderately used trails, etc)","Upland or well drained","Inside a forest canopy","Middle of a slope",8,"Yes there are new plants","fallen log seward, fern 2","","Dying","","FHL0229","","","Field","","Sword Fern Mortalilty","Sword Fern Field Samples","","3/4/26","Zymo Fungal/Bacterial","1.61","","","","","",NA,"","","","","",NA,"",NA,"","","","","","FZJ132","1 Root","3/13/25","figgywiggums","https://www.inaturalist.org/observations/265207958","Seward Park, Seattle, WA, US",47.5561,-122.253,"Polystichum munitum","western sword fern","Fair","Multiple Symptoms (Please describe in Notes)",10,"Suburban","Medium (moderately used trails, etc)","Upland or well drained","Inside a forest canopy","Middle of a slope",8,"Yes there are new plants","fallen log seward, fern 2","","Dying",""
"242","FZJ132-1 Root","","4/2/25","4/22/25","Soil Swordfern Isolates on PARPHV8","secondary","","","Globisporangium intermedium","no","PARPHV8","","1 Root","3/13/25","figgywiggums","https://www.inaturalist.org/observations/265207958","Seward Park, Seattle, WA, US",47.5561,-122.253,"Polystichum munitum","western sword fern","Fair","Multiple Symptoms (Please describe in Notes)",10,"Suburban","Medium (moderately used trails, etc)","Upland or well drained","Inside a forest canopy","Middle of a slope",8,"Yes there are new plants","fallen log seward, fern 2","","Dying","","FHL0629","","","Field","Root","Sword Fern Mortalilty","Sword Fern Field Samples","","5/28/26","Qiagen PlantPro","1.84","","6/11/26","","","",NA,"","","","","",NA,"",NA,"","","","","","FZJ132","1 Root","3/13/25","figgywiggums","https://www.inaturalist.org/observations/265207958","Seward Park, Seattle, WA, US",47.5561,-122.253,"Polystichum munitum","western sword fern","Fair","Multiple Symptoms (Please describe in Notes)",10,"Suburban","Medium (moderately used trails, etc)","Upland or well drained","Inside a forest canopy","Middle of a slope",8,"Yes there are new plants","fallen log seward, fern 2","","Dying",""
"243","FZJ132-1 Soil","4/9/25","","4/18/25","V8 Broth Racks & Soil Swordfern Isolates","final","","Group 17","Mortierella","yes","V8B","","1 Soil","3/13/25","figgywiggums","https://www.inaturalist.org/observations/265207958","Seward Park, Seattle, WA, US",47.5561,-122.253,"Polystichum munitum","western sword fern","Fair","Multiple Symptoms (Please describe in Notes)",10,"Suburban","Medium (moderately used trails, etc)","Upland or well drained","Inside a forest canopy","Middle of a slope",8,"Yes there are new plants","fallen log seward, fern 2","","Dying","","FHL0212","FZJ132","1","Field","Soil","Sword Fern Mortalilty","Sword Fern Field Samples","Y","5/6/25","Prepman","11.3","","6/12/25","","","Y",NA,"","","","","Fungi",NA,"Fungal",NA,"","","","","","FZJ132","1 Soil","3/13/25","figgywiggums","https://www.inaturalist.org/observations/265207958","Seward Park, Seattle, WA, US",47.5561,-122.253,"Polystichum munitum","western sword fern","Fair","Multiple Symptoms (Please describe in Notes)",10,"Suburban","Medium (moderately used trails, etc)","Upland or well drained","Inside a forest canopy","Middle of a slope",8,"Yes there are new plants","fallen log seward, fern 2","","Dying",""
"244","FZJ132-2 Soil","4/9/25","","","","","","Group 17","Mortierella","","","","2 Soil","3/13/25","figgywiggums","https://www.inaturalist.org/observations/265207958","Seward Park, Seattle, WA, US",47.5561,-122.253,"Polystichum munitum","western sword fern","Fair","Multiple Symptoms (Please describe in Notes)",10,"Suburban","Medium (moderately used trails, etc)","Upland or well drained","Inside a forest canopy","Middle of a slope",8,"Yes there are new plants","fallen log seward, fern 2","","Dying","",NA,NA,NA,NA,NA,NA,NA,NA,NA,NA,NA,NA,NA,NA,NA,NA,NA,NA,NA,NA,NA,NA,NA,NA,NA,NA,NA,NA,NA,NA,"FZJ132","2 Soil","3/13/25","figgywiggums","https://www.inaturalist.org/observations/265207958","Seward Park, Seattle, WA, US",47.5561,-122.253,"Polystichum munitum","western sword fern","Fair","Multiple Symptoms (Please describe in Notes)",10,"Suburban","Medium (moderately used trails, etc)","Upland or well drained","Inside a forest canopy","Middle of a slope",8,"Yes there are new plants","fallen log seward, fern 2","","Dying",""
"245","FZJ134-1 Soil","","","4/18/25","V8 Broth Racks & Soil Swordfern Isolates","final","","","Globisporangium intermedium","yes","V8B","","1 Soil","3/13/25","figgywiggums","https://www.inaturalist.org/observations/265207958","Seward Park, Seattle, WA, US",47.5561,-122.253,"Polystichum munitum","western sword fern","Fair","Multiple Symptoms (Please describe in Notes)",10,"Suburban","Medium (moderately used trails, etc)","Upland or well drained","Inside a forest canopy","Middle of a slope",8,"Yes there are new plants","fallen log seward, fern 4","","Dead","","FHL0213","FZJ134","1","Field","Soil","Sword Fern Mortalilty","Sword Fern Field Samples","Y","5/23/25","Prepman","7.85","","6/12/25","","","Y",NA,"","Globisporangium intermedium","","Globisporangium","Oomycete",NA,"Pythium",NA,"Globisporangium intermedium","","","","Pythium sp.","FZJ134","1 Soil","3/13/25","figgywiggums","https://www.inaturalist.org/observations/265207958","Seward Park, Seattle, WA, US",47.5561,-122.253,"Polystichum munitum","western sword fern","Fair","Multiple Symptoms (Please describe in Notes)",10,"Suburban","Medium (moderately used trails, etc)","Upland or well drained","Inside a forest canopy","Middle of a slope",8,"Yes there are new plants","fallen log seward, fern 4","","Dead",""
"246","FZJ138-1 Soil","4/10/25","","4/22/25","Soil Swordfern Isolates on PARPHV8","secondary","","","unknown","no","PARPHV8","","1 Soil","3/13/25","figgywiggums","https://www.inaturalist.org/observations/265305229","Seward Park, Seattle, WA, US",47.55606,-122.252,"Polystichum munitum","western sword fern","Fair","Multiple Symptoms (Please describe in Notes)",15,"Suburban","Medium (moderately used trails, etc)","Upland or well drained","Inside a forest canopy","Lower slope",20,"No there are not any new plants","before bridge seward, fern 4","Yes","Dead","",NA,NA,NA,NA,NA,NA,NA,NA,NA,NA,NA,NA,NA,NA,NA,NA,NA,NA,NA,NA,NA,NA,NA,NA,NA,NA,NA,NA,NA,NA,"FZJ138","1 Soil","3/13/25","figgywiggums","https://www.inaturalist.org/observations/265305229","Seward Park, Seattle, WA, US",47.55606,-122.252,"Polystichum munitum","western sword fern","Fair","Multiple Symptoms (Please describe in Notes)",15,"Suburban","Medium (moderately used trails, etc)","Upland or well drained","Inside a forest canopy","Lower slope",20,"No there are not any new plants","before bridge seward, fern 4","Yes","Dead",""
"247","FZJ138-2 Soil","4/14/25","","4/18/25","V8 Broth Racks & Soil Swordfern Isolates","final","Y","","Globisporangium debaryanum","yes","V8B","","2 Soil","3/13/25","figgywiggums","https://www.inaturalist.org/observations/265305229","Seward Park, Seattle, WA, US",47.55606,-122.252,"Polystichum munitum","western sword fern","Fair","Multiple Symptoms (Please describe in Notes)",15,"Suburban","Medium (moderately used trails, etc)","Upland or well drained","Inside a forest canopy","Lower slope",20,"No there are not any new plants","before bridge seward, fern 4","Yes","Dead","","FHL0214","FZJ138","2","Field","Soil","Sword Fern Mortalilty","Sword Fern Field Samples","Y","5/23/25","Prepman","16.3","","6/12/25","","","Y",NA,"","Globisporangium debaryanum","","Globisporangium","Oomycete",NA,"Pythium",NA,"","","","","Pythium sp.","FZJ138","2 Soil","3/13/25","figgywiggums","https://www.inaturalist.org/observations/265305229","Seward Park, Seattle, WA, US",47.55606,-122.252,"Polystichum munitum","western sword fern","Fair","Multiple Symptoms (Please describe in Notes)",15,"Suburban","Medium (moderately used trails, etc)","Upland or well drained","Inside a forest canopy","Lower slope",20,"No there are not any new plants","before bridge seward, fern 4","Yes","Dead",""
"248","FZJ139-1 Soil","","","4/18/25","V8 Broth Racks & Soil Swordfern Isolates","final","Y","Group 28","Mortierella","yes","V8B","","1 Soil","","","","Point Defiance",NA,NA,"","Rhododendron Deep Clover H777","","",NA,"","","","","",NA,"","","","H777","",NA,NA,NA,NA,NA,NA,NA,NA,NA,NA,NA,NA,NA,NA,NA,NA,NA,NA,NA,NA,NA,NA,NA,NA,NA,NA,NA,NA,NA,NA,"FZJ139","1 Soil","","","","Point Defiance",NA,NA,"","Rhododendron Deep Clover H777","","",NA,"","","","","",NA,"","","","H777",""
"249","FZJ139-2 Soil","4/11/25","","4/18/25","V8 Broth Racks & Soil Swordfern Isolates","final","Y","Group 28","Mortierella","yes","V8B","","2 Soil","","","","Point Defiance",NA,NA,"","Rhododendron Deep Clover H777","","",NA,"","","","","",NA,"","","","H777","","FHL0215","FZJ139","2","Field","Soil","Sword Fern Mortalilty","Sword Fern Field Samples","","5/23/25","Prepman","17.8","","6/12/25","","","Y",NA,"","","","","Fungi",NA,"Fungal",NA,"","","","","","FZJ139","2 Soil","","","","Point Defiance",NA,NA,"","Rhododendron Deep Clover H777","","",NA,"","","","","",NA,"","","","H777",""
"250","FZJ140-1 Soil","4/9/25","","4/18/25","V8 Broth Racks & Soil Swordfern Isolates","final","Y","","Phytophthora cambivora","yes","V8B","","1 Soil","","","","Point Defiance",NA,NA,"","Rhododendron Yakisiamum S707","","",NA,"","","","","",NA,"","","Yes","3/4 dead, S707,","Joey: some writing is not legible, please write in excell sheet","FHL0216","FZJ140","1","Field","Soil","Sword Fern Mortalilty","Sword Fern Field Samples","","5/23/25","Prepman","12","","6/12/25","","y","Y",NA,"","Phytophthora cambivora","","Phytophthora","Oomycete",NA,"Phytophthora",7,"Phytophthora cambivora","","P. abietivora","Phytophthora cambivora","Phytophthora cambivora","FZJ140","1 Soil","","","","Point Defiance",NA,NA,"","Rhododendron Yakisiamum S707","","",NA,"","","","","",NA,"","","Yes","3/4 dead, S707,","Joey: some writing is not legible, please write in excell sheet"
"251","FZJ140-2 Soil","","","4/18/25","V8 Broth Racks & Soil Swordfern Isolates","final","","Group 18","Phytophthora cambivora","yes","V8B","","2 Soil","","","","Point Defiance",NA,NA,"","Rhododendron Yakisiamum S707","","",NA,"","","","","",NA,"","","Yes","3/4 dead, S707,","Joey: some writing is not legible, please write in excell sheet",NA,NA,NA,NA,NA,NA,NA,NA,NA,NA,NA,NA,NA,NA,NA,NA,NA,NA,NA,NA,NA,NA,NA,NA,NA,NA,NA,NA,NA,NA,"FZJ140","2 Soil","","","","Point Defiance",NA,NA,"","Rhododendron Yakisiamum S707","","",NA,"","","","","",NA,"","","Yes","3/4 dead, S707,","Joey: some writing is not legible, please write in excell sheet"
"252","FZJ141-1 Soil","","","4/18/25","V8 Broth Racks & Soil Swordfern Isolates","final","","Group 18","Phytophthora cambivora","yes","V8B","","1 Soil","","","","Point Defiance",NA,NA,"","Rhododendron Mirah x Barnes H806","","",NA,"","","","","",NA,"","","","","Joey: some writing is not legible, please write in excell sheet",NA,NA,NA,NA,NA,NA,NA,NA,NA,NA,NA,NA,NA,NA,NA,NA,NA,NA,NA,NA,NA,NA,NA,NA,NA,NA,NA,NA,NA,NA,"FZJ141","1 Soil","","","","Point Defiance",NA,NA,"","Rhododendron Mirah x Barnes H806","","",NA,"","","","","",NA,"","","","","Joey: some writing is not legible, please write in excell sheet"
"253","FZJ141-2 Soil","","","4/18/25","V8 Broth Racks & Soil Swordfern Isolates","final","","Group 18","Phytophthora cambivora","yes","V8B","","2 Soil","","","","Point Defiance",NA,NA,"","Rhododendron Mirah x Barnes H806","","",NA,"","","","","",NA,"","","","","Joey: some writing is not legible, please write in excell sheet","FHL0217","FZJ141","2","Field","Soil","Sword Fern Mortalilty","Sword Fern Field Samples","","5/23/25","Prepman","17.8","10 ul aliquot of DNA sent with David from Bellermine as a positive control for stram baiting PCR (15Jan25)","6/12/25","","y","Y",NA,"","Phytophthora cambivora","","Phytophthora","Oomycete",NA,"Phytophthora",7,"Phytophthora cambivora","","P. abietivora","Phytophthora cambivora","Phytophthora cambivora","FZJ141","2 Soil","","","","Point Defiance",NA,NA,"","Rhododendron Mirah x Barnes H806","","",NA,"","","","","",NA,"","","","","Joey: some writing is not legible, please write in excell sheet"
"254","FZJ142-1 Soil","4/10/25","","4/18/25","V8 Broth Racks & Soil Swordfern Isolates","final","","","Phytopythium citrinum","yes","V8B","","1 Soil","","","","Gig Harbor",NA,NA,"Thuja Plicata","western redcedar","","",NA,"","","","","",NA,"","","","Dead Top","Joey: some writing is not legible, please write in excell sheet","FHL0218","FZJ142","1","Field","Soil","Sword Fern Mortalilty","Sword Fern Field Samples","","5/23/25","Prepman","3.45","","6/12/25","","y","Y",NA,"","Phytopythium citrinum","","Phytopythium","Oomycete",NA,"Phytopythium",NA,"","","","","Phytopythium sp.","FZJ142","1 Soil","","","","Gig Harbor",NA,NA,"Thuja Plicata","western redcedar","","",NA,"","","","","",NA,"","","","Dead Top","Joey: some writing is not legible, please write in excell sheet"
"255","FZJ142-2 Soil","4/10/25","","4/18/25","V8 Broth Racks & Soil Swordfern Isolates","final","","","Phytophthora cactorum","yes","V8B","","2 Soil","","","","Gig Harbor",NA,NA,"Thuja Plicata","western redcedar","","",NA,"","","","","",NA,"","","","Dead Top","Joey: some writing is not legible, please write in excell sheet","FHL0219","FZJ142","2","Field","Soil","Sword Fern Mortalilty","Sword Fern Field Samples","","5/23/25","Prepman","6.8","","6/12/25","","y","Y",NA,"","Phytophthora cactorum","","Phytophthora","Oomycete",NA,"Phytophthora",1,"Phytophthora cactorum","","P. x_serendipita","Phytophthora cactorum","Phytophthora cactorum","FZJ142","2 Soil","","","","Gig Harbor",NA,NA,"Thuja Plicata","western redcedar","","",NA,"","","","","",NA,"","","","Dead Top","Joey: some writing is not legible, please write in excell sheet"
"256","FZJ142-3 Soil","","","4/18/25","V8 Broth Racks & Soil Swordfern Isolates","final","","","Pythium macrosporum","yes","V8B","","3 Soil","","","","Gig Harbor",NA,NA,"Thuja Plicata","western redcedar","","",NA,"","","","","",NA,"","","","Dead Top","Joey: some writing is not legible, please write in excell sheet","FHL0220","FZJ142","3","Field","Soil","Sword Fern Mortalilty","Sword Fern Field Samples","","5/23/25","Prepman","12.4","","6/12/25","","","Y",NA,"","Pythium macrosporum","","Pythium","Oomycete",NA,"Pythium",NA,"","","","","Pythium sp.","FZJ142","3 Soil","","","","Gig Harbor",NA,NA,"Thuja Plicata","western redcedar","","",NA,"","","","","",NA,"","","","Dead Top","Joey: some writing is not legible, please write in excell sheet"
"257","T1C2-1","","","3/24/25","Seward soil for greenhouse trials - heat treated","final","","","Pythium attrantheridium","","","","1",NA,NA,NA,NA,NA,NA,NA,NA,NA,NA,NA,NA,NA,NA,NA,NA,NA,NA,NA,NA,NA,NA,"FHL0222","T1C2","1","Greenhouse","Soil","Sword Fern Mortalilty","Seward Soil Greenhouse Trial Prelim","","5/23/25","Prepman","7.2","","6/12/25","","","Y",NA,"","Pythium attrantheridium","","Pythium","Oomycete",NA,"Pythium",NA,"Pythium attrantheridium","","","","Pythium sp.","T1C2","1",NA,NA,NA,NA,NA,NA,NA,NA,NA,NA,NA,NA,NA,NA,NA,NA,NA,NA,NA,NA,NA,NA
"258","T1W1-1","","","3/24/25","Seward soil for greenhouse trials - wild","final","","","Pythium attrantheridium","","","","1",NA,NA,NA,NA,NA,NA,NA,NA,NA,NA,NA,NA,NA,NA,NA,NA,NA,NA,NA,NA,NA,NA,"FHL0223","T1W1","1","Greenhouse","Soil","Sword Fern Mortalilty","Seward Soil Greenhouse Trial Prelim","","5/23/25","Prepman","6.01","","6/12/25","","","Y",NA,"","Pythium attrantheridium","","Pythium","Oomycete",NA,"Pythium",NA,"Pythium attrantheridium","","","","Pythium sp.","T1W1","1",NA,NA,NA,NA,NA,NA,NA,NA,NA,NA,NA,NA,NA,NA,NA,NA,NA,NA,NA,NA,NA,NA
"259","T1W1-2","","","3/24/25","Seward soil for greenhouse trials - wild","final","","","Pythium attrantheridium","","","","2",NA,NA,NA,NA,NA,NA,NA,NA,NA,NA,NA,NA,NA,NA,NA,NA,NA,NA,NA,NA,NA,NA,"FHL0224","T1W1","2","Greenhouse","Soil","Sword Fern Mortalilty","Seward Soil Greenhouse Trial Prelim","","5/23/25","Prepman","6.2","","6/12/25","","","Y",NA,"","Pythium attrantheridium","","Pythium","Oomycete",NA,"Pythium",NA,"Pythium attrantheridium","","","","Pythium sp.","T1W1","2",NA,NA,NA,NA,NA,NA,NA,NA,NA,NA,NA,NA,NA,NA,NA,NA,NA,NA,NA,NA,NA,NA
"260","T1W2-1","","","","","","","","Mortierella","","","","1",NA,NA,NA,NA,NA,NA,NA,NA,NA,NA,NA,NA,NA,NA,NA,NA,NA,NA,NA,NA,NA,NA,"FHL0080","T1W2","1","Greenhouse","Soil","Sword Fern Mortalilty","Seward Soil Greenhouse Trial Prelim","","4/2/25","Prepman","2.58","","5/2/2025, 5/7/25","","Y","Y",NA,"","","","","Fungi",NA,"Fungal",NA,"","","","","","T1W2","1",NA,NA,NA,NA,NA,NA,NA,NA,NA,NA,NA,NA,NA,NA,NA,NA,NA,NA,NA,NA,NA,NA
"261","T1W2-2","","","","","","","","Mortierella","","","","2",NA,NA,NA,NA,NA,NA,NA,NA,NA,NA,NA,NA,NA,NA,NA,NA,NA,NA,NA,NA,NA,NA,"FHL0083","T1W2","2","Greenhouse","Soil","Sword Fern Mortalilty","Seward Soil Greenhouse Trial Prelim","","4/2/25","Prepman","6.94","","5/2/2025, 5/7/25","","Y","Y",NA,"","","","","Fungi",NA,"Fungal",NA,"","","","","","T1W2","2",NA,NA,NA,NA,NA,NA,NA,NA,NA,NA,NA,NA,NA,NA,NA,NA,NA,NA,NA,NA,NA,NA
"262","T1W3-1B","","","","","","","","Mortierella","","","","1B",NA,NA,NA,NA,NA,NA,NA,NA,NA,NA,NA,NA,NA,NA,NA,NA,NA,NA,NA,NA,NA,NA,NA,NA,NA,NA,NA,NA,NA,NA,NA,NA,NA,NA,NA,NA,NA,NA,NA,NA,NA,NA,NA,NA,NA,NA,NA,NA,NA,NA,NA,NA,"T1W3","1B",NA,NA,NA,NA,NA,NA,NA,NA,NA,NA,NA,NA,NA,NA,NA,NA,NA,NA,NA,NA,NA,NA
"263","T1W3-2","","4/2/25","3/24/25","Seward soil for greenhouse trials - wild","final","","","Pythium macrosporum","","","","2",NA,NA,NA,NA,NA,NA,NA,NA,NA,NA,NA,NA,NA,NA,NA,NA,NA,NA,NA,NA,NA,NA,"FHL0221","T1W3","2","Greenhouse","Soil","Sword Fern Mortalilty","Seward Soil Greenhouse Trial Prelim","","5/23/25","Prepman","10.3","","6/12/25","","","Y",NA,"","Pythium macrosporum","","Pythium","Oomycete",NA,"Pythium",NA,"","","","","Pythium sp.","T1W3","2",NA,NA,NA,NA,NA,NA,NA,NA,NA,NA,NA,NA,NA,NA,NA,NA,NA,NA,NA,NA,NA,NA
"264","T2W1-2","","","","","","","","Mortierella","","","","2",NA,NA,NA,NA,NA,NA,NA,NA,NA,NA,NA,NA,NA,NA,NA,NA,NA,NA,NA,NA,NA,NA,"FHL0072","T2W1","2","Greenhouse","Soil","Sword Fern Mortalilty","Seward Soil Greenhouse Trial Prelim","","4/2/25","Prepman","3.37","","5/2/2025, 5/7/25","","Y","Y",NA,"","","","","Fungi",NA,"Fungal",NA,"","","","","","T2W1","2",NA,NA,NA,NA,NA,NA,NA,NA,NA,NA,NA,NA,NA,NA,NA,NA,NA,NA,NA,NA,NA,NA
"265","T2W3-1","","","","","","","","Phytophthora syringae","","","","1",NA,NA,NA,NA,NA,NA,NA,NA,NA,NA,NA,NA,NA,NA,NA,NA,NA,NA,NA,NA,NA,NA,"FHL0236","T2W3","1","Greenhouse","Soil","Sword Fern Mortalilty","Seward Soil Greenhouse Trial Prelim","","6/4/25","Prepman","0.378","","6/12/25","","y","Y",NA,"","Phytophthora syringae","","Phytophthora","Oomycete",NA,"Phytophthora",8,"Phytophthora syringae","","P. syringae","Phytophthora syringae","Phytophthora syringae","T2W3","1",NA,NA,NA,NA,NA,NA,NA,NA,NA,NA,NA,NA,NA,NA,NA,NA,NA,NA,NA,NA,NA,NA
